territory,year,anomaly,year_index,radius
American Samoa,1920,-0.5,1,0.9416666666666667
American Samoa,1921,-0.4,2,0.9933333333333333
American Samoa,1922,-0.1,3,1.1483333333333332
American Samoa,1923,-0.4,4,0.9933333333333333
American Samoa,1924,-0.1,5,1.1483333333333332
American Samoa,1925,-0.3,6,1.045
American Samoa,1926,-0.3,7,1.045
American Samoa,1927,-0.3,8,1.045
American Samoa,1928,-0.2,9,1.0966666666666667
American Samoa,1929,-0.3,10,1.045
American Samoa,1930,-0.4,11,0.9933333333333333
American Samoa,1931,-0.3,12,1.045
American Samoa,1932,-0.1,13,1.1483333333333332
American Samoa,1933,-0.5,14,0.9416666666666667
American Samoa,1934,-0.4,15,0.9933333333333333
American Samoa,1935,-0.4,16,0.9933333333333333
American Samoa,1936,-0.2,17,1.0966666666666667
American Samoa,1937,-0.3,18,1.045
American Samoa,1938,-0.4,19,0.9933333333333333
American Samoa,1939,-0.5,20,0.9416666666666667
American Samoa,1940,-0.1,21,1.1483333333333332
American Samoa,1941,0.1,22,1.2516666666666667
American Samoa,1942,0.1,23,1.2516666666666667
American Samoa,1943,0.1,24,1.2516666666666667
American Samoa,1944,0.2,25,1.3033333333333332
American Samoa,1945,0.1,26,1.2516666666666667
American Samoa,1946,0.2,27,1.3033333333333332
American Samoa,1947,0.2,28,1.3033333333333332
American Samoa,1948,-0.2,29,1.0966666666666667
American Samoa,1949,-0.2,30,1.0966666666666667
American Samoa,1950,-0.2,31,1.0966666666666667
American Samoa,1951,-0.1,32,1.1483333333333332
American Samoa,1952,0.2,33,1.3033333333333332
American Samoa,1953,0.1,34,1.2516666666666667
American Samoa,1954,0,35,1.2
American Samoa,1955,-0.3,36,1.045
American Samoa,1956,-0.3,37,1.045
American Samoa,1957,-0.1,38,1.1483333333333332
American Samoa,1958,0,39,1.2
American Samoa,1959,0.1,40,1.2516666666666667
American Samoa,1960,0,41,1.2
American Samoa,1961,0,42,1.2
American Samoa,1962,-0.1,43,1.1483333333333332
American Samoa,1963,0,44,1.2
American Samoa,1964,-0.1,45,1.1483333333333332
American Samoa,1965,-0.3,46,1.045
American Samoa,1966,0,47,1.2
American Samoa,1967,-0.2,48,1.0966666666666667
American Samoa,1968,0,49,1.2
American Samoa,1969,0.2,50,1.3033333333333332
American Samoa,1970,0.1,51,1.2516666666666667
American Samoa,1971,-0.2,52,1.0966666666666667
American Samoa,1972,-0.2,53,1.0966666666666667
American Samoa,1973,0.2,54,1.3033333333333332
American Samoa,1974,-0.3,55,1.045
American Samoa,1975,-0.3,56,1.045
American Samoa,1976,-0.3,57,1.045
American Samoa,1977,-0.1,58,1.1483333333333332
American Samoa,1978,0,59,1.2
American Samoa,1979,-0.1,60,1.1483333333333332
American Samoa,1980,0.1,61,1.2516666666666667
American Samoa,1981,-0.1,62,1.1483333333333332
American Samoa,1982,0,63,1.2
American Samoa,1983,-0.3,64,1.045
American Samoa,1984,0,65,1.2
American Samoa,1985,-0.2,66,1.0966666666666667
American Samoa,1986,-0.1,67,1.1483333333333332
American Samoa,1987,-0.1,68,1.1483333333333332
American Samoa,1988,0.1,69,1.2516666666666667
American Samoa,1989,-0.1,70,1.1483333333333332
American Samoa,1990,0,71,1.2
American Samoa,1991,0.3,72,1.355
American Samoa,1992,0.2,73,1.3033333333333332
American Samoa,1993,0.1,74,1.2516666666666667
American Samoa,1994,0.2,75,1.3033333333333332
American Samoa,1995,0.3,76,1.355
American Samoa,1996,0.2,77,1.3033333333333332
American Samoa,1997,-0.1,78,1.1483333333333332
American Samoa,1998,-0.2,79,1.0966666666666667
American Samoa,1999,0.1,80,1.2516666666666667
American Samoa,2000,0.3,81,1.355
American Samoa,2001,0.2,82,1.3033333333333332
American Samoa,2002,0.4,83,1.4066666666666667
American Samoa,2003,0.5,84,1.4583333333333333
American Samoa,2004,0.6,85,1.51
American Samoa,2005,0.6,86,1.51
American Samoa,2006,0.5,87,1.4583333333333333
American Samoa,2007,0.5,88,1.4583333333333333
American Samoa,2008,0.1,89,1.2516666666666667
American Samoa,2009,0.4,90,1.4066666666666667
American Samoa,2010,0.5,91,1.4583333333333333
American Samoa,2011,0.1,92,1.2516666666666667
American Samoa,2012,0.4,93,1.4066666666666667
American Samoa,2013,0.5,94,1.4583333333333333
American Samoa,2014,0.6,95,1.51
American Samoa,2015,0.3,96,1.355
American Samoa,2016,0.6,97,1.51
American Samoa,2017,0.7,98,1.5616666666666665
American Samoa,2018,0.6,99,1.51
American Samoa,2019,0.7,100,1.5616666666666665
American Samoa,2020,0.7,101,1.5616666666666665
Cook Islands,1920,-0.2,1,1.0966666666666667
Cook Islands,1921,-0.4,2,0.9933333333333333
Cook Islands,1922,-0.1,3,1.1483333333333332
Cook Islands,1923,-0.4,4,0.9933333333333333
Cook Islands,1924,-0.2,5,1.0966666666666667
Cook Islands,1925,-0.4,6,0.9933333333333333
Cook Islands,1926,-0.2,7,1.0966666666666667
Cook Islands,1927,-0.2,8,1.0966666666666667
Cook Islands,1928,-0.2,9,1.0966666666666667
Cook Islands,1929,-0.3,10,1.045
Cook Islands,1930,-0.3,11,1.045
Cook Islands,1931,-0.2,12,1.0966666666666667
Cook Islands,1932,-0.1,13,1.1483333333333332
Cook Islands,1933,-0.6,14,0.8899999999999999
Cook Islands,1934,-0.4,15,0.9933333333333333
Cook Islands,1935,-0.4,16,0.9933333333333333
Cook Islands,1936,-0.4,17,0.9933333333333333
Cook Islands,1937,-0.3,18,1.045
Cook Islands,1938,-0.5,19,0.9416666666666667
Cook Islands,1939,-0.6,20,0.8899999999999999
Cook Islands,1940,0,21,1.2
Cook Islands,1941,0.1,22,1.2516666666666667
Cook Islands,1942,0.2,23,1.3033333333333332
Cook Islands,1943,0.1,24,1.2516666666666667
Cook Islands,1944,0.3,25,1.355
Cook Islands,1945,0.1,26,1.2516666666666667
Cook Islands,1946,0.2,27,1.3033333333333332
Cook Islands,1947,0.1,28,1.2516666666666667
Cook Islands,1948,-0.2,29,1.0966666666666667
Cook Islands,1949,0,30,1.2
Cook Islands,1950,-0.2,31,1.0966666666666667
Cook Islands,1951,0,32,1.2
Cook Islands,1952,0.3,33,1.355
Cook Islands,1953,0.2,34,1.3033333333333332
Cook Islands,1954,0,35,1.2
Cook Islands,1955,-0.4,36,0.9933333333333333
Cook Islands,1956,-0.4,37,0.9933333333333333
Cook Islands,1957,-0.1,38,1.1483333333333332
Cook Islands,1958,0,39,1.2
Cook Islands,1959,0.1,40,1.2516666666666667
Cook Islands,1960,0,41,1.2
Cook Islands,1961,0,42,1.2
Cook Islands,1962,-0.3,43,1.045
Cook Islands,1963,0,44,1.2
Cook Islands,1964,-0.1,45,1.1483333333333332
Cook Islands,1965,-0.2,46,1.0966666666666667
Cook Islands,1966,0,47,1.2
Cook Islands,1967,-0.2,48,1.0966666666666667
Cook Islands,1968,0,49,1.2
Cook Islands,1969,0.2,50,1.3033333333333332
Cook Islands,1970,0.1,51,1.2516666666666667
Cook Islands,1971,-0.3,52,1.045
Cook Islands,1972,-0.1,53,1.1483333333333332
Cook Islands,1973,0.3,54,1.355
Cook Islands,1974,-0.4,55,0.9933333333333333
Cook Islands,1975,-0.4,56,0.9933333333333333
Cook Islands,1976,-0.4,57,0.9933333333333333
Cook Islands,1977,-0.1,58,1.1483333333333332
Cook Islands,1978,-0.2,59,1.0966666666666667
Cook Islands,1979,-0.2,60,1.0966666666666667
Cook Islands,1980,0,61,1.2
Cook Islands,1981,-0.3,62,1.045
Cook Islands,1982,0,63,1.2
Cook Islands,1983,-0.3,64,1.045
Cook Islands,1984,-0.1,65,1.1483333333333332
Cook Islands,1985,-0.3,66,1.045
Cook Islands,1986,-0.2,67,1.0966666666666667
Cook Islands,1987,0,68,1.2
Cook Islands,1988,0.2,69,1.3033333333333332
Cook Islands,1989,-0.2,70,1.0966666666666667
Cook Islands,1990,0,71,1.2
Cook Islands,1991,0.3,72,1.355
Cook Islands,1992,0.3,73,1.355
Cook Islands,1993,0.1,74,1.2516666666666667
Cook Islands,1994,0.2,75,1.3033333333333332
Cook Islands,1995,0.3,76,1.355
Cook Islands,1996,0.1,77,1.2516666666666667
Cook Islands,1997,0,78,1.2
Cook Islands,1998,0,79,1.2
Cook Islands,1999,0.1,80,1.2516666666666667
Cook Islands,2000,0.2,81,1.3033333333333332
Cook Islands,2001,0.2,82,1.3033333333333332
Cook Islands,2002,0.4,83,1.4066666666666667
Cook Islands,2003,0.5,84,1.4583333333333333
Cook Islands,2004,0.6,85,1.51
Cook Islands,2005,0.5,86,1.4583333333333333
Cook Islands,2006,0.5,87,1.4583333333333333
Cook Islands,2007,0.5,88,1.4583333333333333
Cook Islands,2008,0.1,89,1.2516666666666667
Cook Islands,2009,0.5,90,1.4583333333333333
Cook Islands,2010,0.6,91,1.51
Cook Islands,2011,0.1,92,1.2516666666666667
Cook Islands,2012,0.3,93,1.355
Cook Islands,2013,0.5,94,1.4583333333333333
Cook Islands,2014,0.5,95,1.4583333333333333
Cook Islands,2015,0.4,96,1.4066666666666667
Cook Islands,2016,0.6,97,1.51
Cook Islands,2017,0.6,98,1.51
Cook Islands,2018,0.4,99,1.4066666666666667
Cook Islands,2019,0.7,100,1.5616666666666665
Cook Islands,2020,0.6,101,1.51
Fiji,1920,-0.5,1,0.9416666666666667
Fiji,1921,-0.6,2,0.8899999999999999
Fiji,1922,-0.3,3,1.045
Fiji,1923,-0.5,4,0.9416666666666667
Fiji,1924,-0.1,5,1.1483333333333332
Fiji,1925,-0.5,6,0.9416666666666667
Fiji,1926,-0.6,7,0.8899999999999999
Fiji,1927,-0.3,8,1.045
Fiji,1928,-0.5,9,0.9416666666666667
Fiji,1929,-0.5,10,0.9416666666666667
Fiji,1930,-0.8,11,0.7866666666666666
Fiji,1931,-0.7,12,0.8383333333333333
Fiji,1932,-0.5,13,0.9416666666666667
Fiji,1933,-0.4,14,0.9933333333333333
Fiji,1934,-0.7,15,0.8383333333333333
Fiji,1935,-0.3,16,1.045
Fiji,1936,-0.3,17,1.045
Fiji,1937,-0.3,18,1.045
Fiji,1938,-0.2,19,1.0966666666666667
Fiji,1939,-0.5,20,0.9416666666666667
Fiji,1940,-0.7,21,0.8383333333333333
Fiji,1941,-0.5,22,0.9416666666666667
Fiji,1942,-0.3,23,1.045
Fiji,1943,0.2,24,1.3033333333333332
Fiji,1944,0.2,25,1.3033333333333332
Fiji,1945,0,26,1.2
Fiji,1946,-0.3,27,1.045
Fiji,1947,-0.2,28,1.0966666666666667
Fiji,1948,-0.2,29,1.0966666666666667
Fiji,1949,-0.2,30,1.0966666666666667
Fiji,1950,0,31,1.2
Fiji,1951,-0.2,32,1.0966666666666667
Fiji,1952,0,33,1.2
Fiji,1953,-0.1,34,1.1483333333333332
Fiji,1954,-0.3,35,1.045
Fiji,1955,-0.1,36,1.1483333333333332
Fiji,1956,0.1,37,1.2516666666666667
Fiji,1957,-0.3,38,1.045
Fiji,1958,-0.3,39,1.045
Fiji,1959,-0.3,40,1.045
Fiji,1960,-0.1,41,1.1483333333333332
Fiji,1961,-0.1,42,1.1483333333333332
Fiji,1962,-0.1,43,1.1483333333333332
Fiji,1963,-0.2,44,1.0966666666666667
Fiji,1964,-0.1,45,1.1483333333333332
Fiji,1965,-0.6,46,0.8899999999999999
Fiji,1966,-0.4,47,0.9933333333333333
Fiji,1967,-0.2,48,1.0966666666666667
Fiji,1968,-0.1,49,1.1483333333333332
Fiji,1969,-0.3,50,1.045
Fiji,1970,0,51,1.2
Fiji,1971,0.1,52,1.2516666666666667
Fiji,1972,-0.2,53,1.0966666666666667
Fiji,1973,0.2,54,1.3033333333333332
Fiji,1974,0.3,55,1.355
Fiji,1975,0.2,56,1.3033333333333332
Fiji,1976,0,57,1.2
Fiji,1977,-0.4,58,0.9933333333333333
Fiji,1978,-0.3,59,1.045
Fiji,1979,-0.1,60,1.1483333333333332
Fiji,1980,-0.1,61,1.1483333333333332
Fiji,1981,-0.1,62,1.1483333333333332
Fiji,1982,-0.3,63,1.045
Fiji,1983,-0.3,64,1.045
Fiji,1984,0.1,65,1.2516666666666667
Fiji,1985,-0.1,66,1.1483333333333332
Fiji,1986,-0.3,67,1.045
Fiji,1987,-0.4,68,0.9933333333333333
Fiji,1988,0.4,69,1.4066666666666667
Fiji,1989,0.1,70,1.2516666666666667
Fiji,1990,0.1,71,1.2516666666666667
Fiji,1991,-0.2,72,1.0966666666666667
Fiji,1992,-0.2,73,1.0966666666666667
Fiji,1993,-0.4,74,0.9933333333333333
Fiji,1994,-0.4,75,0.9933333333333333
Fiji,1995,0.1,76,1.2516666666666667
Fiji,1996,0.2,77,1.3033333333333332
Fiji,1997,-0.2,78,1.0966666666666667
Fiji,1998,0.1,79,1.2516666666666667
Fiji,1999,0.3,80,1.355
Fiji,2000,0.4,81,1.4066666666666667
Fiji,2001,0.3,82,1.355
Fiji,2002,0.3,83,1.355
Fiji,2003,0.2,84,1.3033333333333332
Fiji,2004,0.2,85,1.3033333333333332
Fiji,2005,0.3,86,1.355
Fiji,2006,0.2,87,1.3033333333333332
Fiji,2007,0.4,88,1.4066666666666667
Fiji,2008,0.5,89,1.4583333333333333
Fiji,2009,0.2,90,1.3033333333333332
Fiji,2010,0.4,91,1.4066666666666667
Fiji,2011,0.6,92,1.51
Fiji,2012,0.3,93,1.355
Fiji,2013,0.5,94,1.4583333333333333
Fiji,2014,0.4,95,1.4066666666666667
Fiji,2015,-0.1,96,1.1483333333333332
Fiji,2016,0.5,97,1.4583333333333333
Fiji,2017,0.5,98,1.4583333333333333
Fiji,2018,0.4,99,1.4066666666666667
Fiji,2019,0.4,100,1.4066666666666667
Fiji,2020,0.5,101,1.4583333333333333
French Polynesia,1920,-0.1,1,1.1483333333333332
French Polynesia,1921,-0.5,2,0.9416666666666667
French Polynesia,1922,-0.3,3,1.045
French Polynesia,1923,-0.5,4,0.9416666666666667
French Polynesia,1924,-0.5,5,0.9416666666666667
French Polynesia,1925,-0.5,6,0.9416666666666667
French Polynesia,1926,-0.2,7,1.0966666666666667
French Polynesia,1927,-0.2,8,1.0966666666666667
French Polynesia,1928,-0.3,9,1.045
French Polynesia,1929,-0.3,10,1.045
French Polynesia,1930,-0.3,11,1.045
French Polynesia,1931,-0.2,12,1.0966666666666667
French Polynesia,1932,-0.2,13,1.0966666666666667
French Polynesia,1933,-0.3,14,1.045
French Polynesia,1934,-0.4,15,0.9933333333333333
French Polynesia,1935,-0.3,16,1.045
French Polynesia,1936,-0.6,17,0.8899999999999999
French Polynesia,1937,-0.4,18,0.9933333333333333
French Polynesia,1938,-0.5,19,0.9416666666666667
French Polynesia,1939,-0.4,20,0.9933333333333333
French Polynesia,1940,0,21,1.2
French Polynesia,1941,-0.1,22,1.1483333333333332
French Polynesia,1942,-0.1,23,1.1483333333333332
French Polynesia,1943,0,24,1.2
French Polynesia,1944,0.2,25,1.3033333333333332
French Polynesia,1945,0.2,26,1.3033333333333332
French Polynesia,1946,-0.2,27,1.0966666666666667
French Polynesia,1947,-0.1,28,1.1483333333333332
French Polynesia,1948,-0.2,29,1.0966666666666667
French Polynesia,1949,0,30,1.2
French Polynesia,1950,-0.4,31,0.9933333333333333
French Polynesia,1951,-0.2,32,1.0966666666666667
French Polynesia,1952,0.1,33,1.2516666666666667
French Polynesia,1953,0,34,1.2
French Polynesia,1954,-0.2,35,1.0966666666666667
French Polynesia,1955,-0.5,36,0.9416666666666667
French Polynesia,1956,-0.4,37,0.9933333333333333
French Polynesia,1957,-0.1,38,1.1483333333333332
French Polynesia,1958,-0.2,39,1.0966666666666667
French Polynesia,1959,-0.2,40,1.0966666666666667
French Polynesia,1960,-0.1,41,1.1483333333333332
French Polynesia,1961,-0.2,42,1.0966666666666667
French Polynesia,1962,-0.5,43,0.9416666666666667
French Polynesia,1963,-0.2,44,1.0966666666666667
French Polynesia,1964,-0.2,45,1.0966666666666667
French Polynesia,1965,-0.2,46,1.0966666666666667
French Polynesia,1966,-0.2,47,1.0966666666666667
French Polynesia,1967,-0.3,48,1.045
French Polynesia,1968,-0.4,49,0.9933333333333333
French Polynesia,1969,0,50,1.2
French Polynesia,1970,-0.1,51,1.1483333333333332
French Polynesia,1971,-0.4,52,0.9933333333333333
French Polynesia,1972,-0.2,53,1.0966666666666667
French Polynesia,1973,0.1,54,1.2516666666666667
French Polynesia,1974,-0.5,55,0.9416666666666667
French Polynesia,1975,-0.6,56,0.8899999999999999
French Polynesia,1976,-0.5,57,0.9416666666666667
French Polynesia,1977,-0.2,58,1.0966666666666667
French Polynesia,1978,-0.3,59,1.045
French Polynesia,1979,-0.4,60,0.9933333333333333
French Polynesia,1980,-0.1,61,1.1483333333333332
French Polynesia,1981,-0.3,62,1.045
French Polynesia,1982,0,63,1.2
French Polynesia,1983,-0.1,64,1.1483333333333332
French Polynesia,1984,0,65,1.2
French Polynesia,1985,-0.1,66,1.1483333333333332
French Polynesia,1986,-0.1,67,1.1483333333333332
French Polynesia,1987,0.1,68,1.2516666666666667
French Polynesia,1988,0.2,69,1.3033333333333332
French Polynesia,1989,0,70,1.2
French Polynesia,1990,-0.1,71,1.1483333333333332
French Polynesia,1991,0.2,72,1.3033333333333332
French Polynesia,1992,0.1,73,1.2516666666666667
French Polynesia,1993,-0.1,74,1.1483333333333332
French Polynesia,1994,0.2,75,1.3033333333333332
French Polynesia,1995,0.2,76,1.3033333333333332
French Polynesia,1996,0,77,1.2
French Polynesia,1997,0.1,78,1.2516666666666667
French Polynesia,1998,0.2,79,1.3033333333333332
French Polynesia,1999,0.2,80,1.3033333333333332
French Polynesia,2000,0.2,81,1.3033333333333332
French Polynesia,2001,0.2,82,1.3033333333333332
French Polynesia,2002,0.4,83,1.4066666666666667
French Polynesia,2003,0.4,84,1.4066666666666667
French Polynesia,2004,0.4,85,1.4066666666666667
French Polynesia,2005,0.2,86,1.3033333333333332
French Polynesia,2006,0.4,87,1.4066666666666667
French Polynesia,2007,0.4,88,1.4066666666666667
French Polynesia,2008,0.2,89,1.3033333333333332
French Polynesia,2009,0.4,90,1.4066666666666667
French Polynesia,2010,0.3,91,1.355
French Polynesia,2011,0,92,1.2
French Polynesia,2012,0.3,93,1.355
French Polynesia,2013,0.2,94,1.3033333333333332
French Polynesia,2014,0.1,95,1.2516666666666667
French Polynesia,2015,0.2,96,1.3033333333333332
French Polynesia,2016,0.7,97,1.5616666666666665
French Polynesia,2017,0.5,98,1.4583333333333333
French Polynesia,2018,0.3,99,1.355
French Polynesia,2019,0.4,100,1.4066666666666667
French Polynesia,2020,0.5,101,1.4583333333333333
Guam,1920,-0.8,1,0.7866666666666666
Guam,1921,-0.1,2,1.1483333333333332
Guam,1922,-0.2,3,1.0966666666666667
Guam,1923,-0.6,4,0.8899999999999999
Guam,1924,-0.4,5,0.9933333333333333
Guam,1925,-0.2,6,1.0966666666666667
Guam,1926,-0.3,7,1.045
Guam,1927,-0.1,8,1.1483333333333332
Guam,1928,-0.4,9,0.9933333333333333
Guam,1929,-0.4,10,0.9933333333333333
Guam,1930,-0.6,11,0.8899999999999999
Guam,1931,-0.3,12,1.045
Guam,1932,-0.5,13,0.9416666666666667
Guam,1933,-0.4,14,0.9933333333333333
Guam,1934,-0.3,15,1.045
Guam,1935,-0.4,16,0.9933333333333333
Guam,1936,-0.4,17,0.9933333333333333
Guam,1937,-0.3,18,1.045
Guam,1938,-0.2,19,1.0966666666666667
Guam,1939,-0.3,20,1.045
Guam,1940,-0.4,21,0.9933333333333333
Guam,1941,-0.3,22,1.045
Guam,1942,-0.4,23,0.9933333333333333
Guam,1943,0.2,24,1.3033333333333332
Guam,1944,0.2,25,1.3033333333333332
Guam,1945,0.4,26,1.4066666666666667
Guam,1946,0.3,27,1.355
Guam,1947,0,28,1.2
Guam,1948,-0.1,29,1.1483333333333332
Guam,1949,-0.2,30,1.0966666666666667
Guam,1950,-0.1,31,1.1483333333333332
Guam,1951,0,32,1.2
Guam,1952,-0.2,33,1.0966666666666667
Guam,1953,-0.1,34,1.1483333333333332
Guam,1954,-0.2,35,1.0966666666666667
Guam,1955,-0.3,36,1.045
Guam,1956,-0.3,37,1.045
Guam,1957,-0.3,38,1.045
Guam,1958,-0.5,39,0.9416666666666667
Guam,1959,-0.3,40,1.045
Guam,1960,-0.1,41,1.1483333333333332
Guam,1961,-0.1,42,1.1483333333333332
Guam,1962,-0.2,43,1.0966666666666667
Guam,1963,-0.1,44,1.1483333333333332
Guam,1964,-0.1,45,1.1483333333333332
Guam,1965,-0.4,46,0.9933333333333333
Guam,1966,-0.3,47,1.045
Guam,1967,-0.2,48,1.0966666666666667
Guam,1968,-0.2,49,1.0966666666666667
Guam,1969,-0.1,50,1.1483333333333332
Guam,1970,0,51,1.2
Guam,1971,0,52,1.2
Guam,1972,-0.6,53,0.8899999999999999
Guam,1973,-0.2,54,1.0966666666666667
Guam,1974,-0.1,55,1.1483333333333332
Guam,1975,-0.2,56,1.0966666666666667
Guam,1976,-0.2,57,1.0966666666666667
Guam,1977,-0.2,58,1.0966666666666667
Guam,1978,-0.2,59,1.0966666666666667
Guam,1979,-0.2,60,1.0966666666666667
Guam,1980,-0.2,61,1.0966666666666667
Guam,1981,0.1,62,1.2516666666666667
Guam,1982,-0.2,63,1.0966666666666667
Guam,1983,-0.2,64,1.0966666666666667
Guam,1984,0.2,65,1.3033333333333332
Guam,1985,0,66,1.2
Guam,1986,0,67,1.2
Guam,1987,-0.1,68,1.1483333333333332
Guam,1988,0.3,69,1.355
Guam,1989,0.2,70,1.3033333333333332
Guam,1990,-0.1,71,1.1483333333333332
Guam,1991,-0.2,72,1.0966666666666667
Guam,1992,-0.4,73,0.9933333333333333
Guam,1993,-0.4,74,0.9933333333333333
Guam,1994,0,75,1.2
Guam,1995,0.2,76,1.3033333333333332
Guam,1996,0.4,77,1.4066666666666667
Guam,1997,0.1,78,1.2516666666666667
Guam,1998,0.1,79,1.2516666666666667
Guam,1999,0.4,80,1.4066666666666667
Guam,2000,0.4,81,1.4066666666666667
Guam,2001,0.5,82,1.4583333333333333
Guam,2002,0.3,83,1.355
Guam,2003,0.3,84,1.355
Guam,2004,0.2,85,1.3033333333333332
Guam,2005,0.2,86,1.3033333333333332
Guam,2006,0.2,87,1.3033333333333332
Guam,2007,0.4,88,1.4066666666666667
Guam,2008,0.5,89,1.4583333333333333
Guam,2009,0.4,90,1.4066666666666667
Guam,2010,0.3,91,1.355
Guam,2011,0.5,92,1.4583333333333333
Guam,2012,0.4,93,1.4066666666666667
Guam,2013,0.5,94,1.4583333333333333
Guam,2014,0.5,95,1.4583333333333333
Guam,2015,0.2,96,1.3033333333333332
Guam,2016,0.4,97,1.4066666666666667
Guam,2017,0.8,98,1.6133333333333333
Guam,2018,0.6,99,1.51
Guam,2019,0.6,100,1.51
Guam,2020,0.7,101,1.5616666666666665
Kiribati,1920,-0.2,1,1.0966666666666667
Kiribati,1921,-0.7,2,0.8383333333333333
Kiribati,1922,-0.6,3,0.8899999999999999
Kiribati,1923,-0.3,4,1.045
Kiribati,1924,-0.6,5,0.8899999999999999
Kiribati,1925,-0.5,6,0.9416666666666667
Kiribati,1926,-0.1,7,1.1483333333333332
Kiribati,1927,-0.6,8,0.8899999999999999
Kiribati,1928,-0.4,9,0.9933333333333333
Kiribati,1929,-0.3,10,1.045
Kiribati,1930,0.1,11,1.2516666666666667
Kiribati,1931,-0.1,12,1.1483333333333332
Kiribati,1932,-0.4,13,0.9933333333333333
Kiribati,1933,-1,14,0.6833333333333332
Kiribati,1934,-0.8,15,0.7866666666666666
Kiribati,1935,-0.6,16,0.8899999999999999
Kiribati,1936,-0.5,17,0.9416666666666667
Kiribati,1937,-0.5,18,0.9416666666666667
Kiribati,1938,-1.2,19,0.58
Kiribati,1939,-0.7,20,0.8383333333333333
Kiribati,1940,0.5,21,1.4583333333333333
Kiribati,1941,0.8,22,1.6133333333333333
Kiribati,1942,-0.2,23,1.0966666666666667
Kiribati,1943,-0.6,24,0.8899999999999999
Kiribati,1944,-0.1,25,1.1483333333333332
Kiribati,1945,-0.4,26,0.9933333333333333
Kiribati,1946,-0.2,27,1.0966666666666667
Kiribati,1947,-0.1,28,1.1483333333333332
Kiribati,1948,-0.4,29,0.9933333333333333
Kiribati,1949,-0.5,30,0.9416666666666667
Kiribati,1950,-1.1,31,0.6316666666666666
Kiribati,1951,-0.1,32,1.1483333333333332
Kiribati,1952,-0.1,33,1.1483333333333332
Kiribati,1953,0.2,34,1.3033333333333332
Kiribati,1954,-0.5,35,0.9416666666666667
Kiribati,1955,-1,36,0.6833333333333332
Kiribati,1956,-0.9,37,0.735
Kiribati,1957,0.1,38,1.2516666666666667
Kiribati,1958,0.5,39,1.4583333333333333
Kiribati,1959,0,40,1.2
Kiribati,1960,-0.3,41,1.045
Kiribati,1961,-0.4,42,0.9933333333333333
Kiribati,1962,-0.5,43,0.9416666666666667
Kiribati,1963,0,44,1.2
Kiribati,1964,-0.7,45,0.8383333333333333
Kiribati,1965,0.1,46,1.2516666666666667
Kiribati,1966,0.3,47,1.355
Kiribati,1967,-0.3,48,1.045
Kiribati,1968,-0.1,49,1.1483333333333332
Kiribati,1969,0.6,50,1.51
Kiribati,1970,-0.3,51,1.045
Kiribati,1971,-1,52,0.6833333333333332
Kiribati,1972,0.2,53,1.3033333333333332
Kiribati,1973,-0.4,54,0.9933333333333333
Kiribati,1974,-1,55,0.6833333333333332
Kiribati,1975,-1.2,56,0.58
Kiribati,1976,-0.5,57,0.9416666666666667
Kiribati,1977,0.2,58,1.3033333333333332
Kiribati,1978,-0.1,59,1.1483333333333332
Kiribati,1979,0.1,60,1.2516666666666667
Kiribati,1980,0.2,61,1.3033333333333332
Kiribati,1981,-0.3,62,1.045
Kiribati,1982,0.5,63,1.4583333333333333
Kiribati,1983,0,64,1.2
Kiribati,1984,-0.4,65,0.9933333333333333
Kiribati,1985,-0.4,66,0.9933333333333333
Kiribati,1986,0.1,67,1.2516666666666667
Kiribati,1987,0.7,68,1.5616666666666665
Kiribati,1988,-0.3,69,1.045
Kiribati,1989,-0.6,70,0.8899999999999999
Kiribati,1990,0.3,71,1.355
Kiribati,1991,0.7,72,1.5616666666666665
Kiribati,1992,0.5,73,1.4583333333333333
Kiribati,1993,0.4,74,1.4066666666666667
Kiribati,1994,0.6,75,1.51
Kiribati,1995,0.3,76,1.355
Kiribati,1996,-0.2,77,1.0966666666666667
Kiribati,1997,0.6,78,1.51
Kiribati,1998,-0.1,79,1.1483333333333332
Kiribati,1999,-0.8,80,0.7866666666666666
Kiribati,2000,-0.7,81,0.8383333333333333
Kiribati,2001,0,82,1.2
Kiribati,2002,0.7,83,1.5616666666666665
Kiribati,2003,0.6,84,1.51
Kiribati,2004,0.6,85,1.51
Kiribati,2005,0.4,86,1.4066666666666667
Kiribati,2006,0.4,87,1.4066666666666667
Kiribati,2007,0.1,88,1.2516666666666667
Kiribati,2008,-0.6,89,0.8899999999999999
Kiribati,2009,0.4,90,1.4066666666666667
Kiribati,2010,-0.1,91,1.1483333333333332
Kiribati,2011,-0.7,92,0.8383333333333333
Kiribati,2012,0,93,1.2
Kiribati,2013,0.1,94,1.2516666666666667
Kiribati,2014,0.5,95,1.4583333333333333
Kiribati,2015,1.1,96,1.7683333333333333
Kiribati,2016,0.7,97,1.5616666666666665
Kiribati,2017,0.2,98,1.3033333333333332
Kiribati,2018,0.4,99,1.4066666666666667
Kiribati,2019,0.8,100,1.6133333333333333
Kiribati,2020,0.2,101,1.3033333333333332
Marshall Islands,1920,-0.5,1,0.9416666666666667
Marshall Islands,1921,-0.3,2,1.045
Marshall Islands,1922,-0.3,3,1.045
Marshall Islands,1923,-0.4,4,0.9933333333333333
Marshall Islands,1924,-0.3,5,1.045
Marshall Islands,1925,-0.4,6,0.9933333333333333
Marshall Islands,1926,-0.2,7,1.0966666666666667
Marshall Islands,1927,-0.4,8,0.9933333333333333
Marshall Islands,1928,-0.4,9,0.9933333333333333
Marshall Islands,1929,-0.2,10,1.0966666666666667
Marshall Islands,1930,-0.4,11,0.9933333333333333
Marshall Islands,1931,-0.3,12,1.045
Marshall Islands,1932,-0.4,13,0.9933333333333333
Marshall Islands,1933,-0.6,14,0.8899999999999999
Marshall Islands,1934,-0.3,15,1.045
Marshall Islands,1935,-0.3,16,1.045
Marshall Islands,1936,-0.4,17,0.9933333333333333
Marshall Islands,1937,-0.4,18,0.9933333333333333
Marshall Islands,1938,-0.3,19,1.045
Marshall Islands,1939,-0.3,20,1.045
Marshall Islands,1940,0,21,1.2
Marshall Islands,1941,0,22,1.2
Marshall Islands,1942,-0.2,23,1.0966666666666667
Marshall Islands,1943,0.2,24,1.3033333333333332
Marshall Islands,1944,0.2,25,1.3033333333333332
Marshall Islands,1945,0.1,26,1.2516666666666667
Marshall Islands,1946,0.1,27,1.2516666666666667
Marshall Islands,1947,0,28,1.2
Marshall Islands,1948,-0.3,29,1.045
Marshall Islands,1949,-0.5,30,0.9416666666666667
Marshall Islands,1950,-0.3,31,1.045
Marshall Islands,1951,0,32,1.2
Marshall Islands,1952,-0.2,33,1.0966666666666667
Marshall Islands,1953,0,34,1.2
Marshall Islands,1954,-0.2,35,1.0966666666666667
Marshall Islands,1955,-0.4,36,0.9933333333333333
Marshall Islands,1956,-0.1,37,1.1483333333333332
Marshall Islands,1957,-0.1,38,1.1483333333333332
Marshall Islands,1958,0,39,1.2
Marshall Islands,1959,0,40,1.2
Marshall Islands,1960,0,41,1.2
Marshall Islands,1961,0,42,1.2
Marshall Islands,1962,0.2,43,1.3033333333333332
Marshall Islands,1963,0.3,44,1.355
Marshall Islands,1964,-0.2,45,1.0966666666666667
Marshall Islands,1965,-0.2,46,1.0966666666666667
Marshall Islands,1966,0.1,47,1.2516666666666667
Marshall Islands,1967,0.1,48,1.2516666666666667
Marshall Islands,1968,0.1,49,1.2516666666666667
Marshall Islands,1969,0.2,50,1.3033333333333332
Marshall Islands,1970,-0.1,51,1.1483333333333332
Marshall Islands,1971,-0.3,52,1.045
Marshall Islands,1972,-0.3,53,1.045
Marshall Islands,1973,-0.3,54,1.045
Marshall Islands,1974,-0.1,55,1.1483333333333332
Marshall Islands,1975,-0.5,56,0.9416666666666667
Marshall Islands,1976,-0.3,57,1.045
Marshall Islands,1977,-0.1,58,1.1483333333333332
Marshall Islands,1978,-0.1,59,1.1483333333333332
Marshall Islands,1979,0,60,1.2
Marshall Islands,1980,0.1,61,1.2516666666666667
Marshall Islands,1981,0.2,62,1.3033333333333332
Marshall Islands,1982,0,63,1.2
Marshall Islands,1983,-0.3,64,1.045
Marshall Islands,1984,0.1,65,1.2516666666666667
Marshall Islands,1985,0,66,1.2
Marshall Islands,1986,0.1,67,1.2516666666666667
Marshall Islands,1987,-0.1,68,1.1483333333333332
Marshall Islands,1988,0.1,69,1.2516666666666667
Marshall Islands,1989,0,70,1.2
Marshall Islands,1990,0.3,71,1.355
Marshall Islands,1991,0.2,72,1.3033333333333332
Marshall Islands,1992,-0.1,73,1.1483333333333332
Marshall Islands,1993,-0.2,74,1.0966666666666667
Marshall Islands,1994,0.1,75,1.2516666666666667
Marshall Islands,1995,0.2,76,1.3033333333333332
Marshall Islands,1996,0.3,77,1.355
Marshall Islands,1997,0.1,78,1.2516666666666667
Marshall Islands,1998,-0.3,79,1.045
Marshall Islands,1999,-0.1,80,1.1483333333333332
Marshall Islands,2000,0.1,81,1.2516666666666667
Marshall Islands,2001,0.3,82,1.355
Marshall Islands,2002,0.4,83,1.4066666666666667
Marshall Islands,2003,0.5,84,1.4583333333333333
Marshall Islands,2004,0.6,85,1.51
Marshall Islands,2005,0.5,86,1.4583333333333333
Marshall Islands,2006,0.4,87,1.4066666666666667
Marshall Islands,2007,0.4,88,1.4066666666666667
Marshall Islands,2008,0,89,1.2
Marshall Islands,2009,0.4,90,1.4066666666666667
Marshall Islands,2010,0,91,1.2
Marshall Islands,2011,0.3,92,1.355
Marshall Islands,2012,0.3,93,1.355
Marshall Islands,2013,0.4,94,1.4066666666666667
Marshall Islands,2014,0.7,95,1.5616666666666665
Marshall Islands,2015,0.5,96,1.4583333333333333
Marshall Islands,2016,0.4,97,1.4066666666666667
Marshall Islands,2017,0.6,98,1.51
Marshall Islands,2018,0.6,99,1.51
Marshall Islands,2019,0.6,100,1.51
Marshall Islands,2020,0.5,101,1.4583333333333333
"Micronesia, Federated State of",1920,-0.7,1,0.8383333333333333
"Micronesia, Federated State of",1921,-0.2,2,1.0966666666666667
"Micronesia, Federated State of",1922,-0.1,3,1.1483333333333332
"Micronesia, Federated State of",1923,-0.4,4,0.9933333333333333
"Micronesia, Federated State of",1924,-0.3,5,1.045
"Micronesia, Federated State of",1925,-0.2,6,1.0966666666666667
"Micronesia, Federated State of",1926,-0.3,7,1.045
"Micronesia, Federated State of",1927,-0.3,8,1.045
"Micronesia, Federated State of",1928,-0.4,9,0.9933333333333333
"Micronesia, Federated State of",1929,-0.4,10,0.9933333333333333
"Micronesia, Federated State of",1930,-0.5,11,0.9416666666666667
"Micronesia, Federated State of",1931,-0.3,12,1.045
"Micronesia, Federated State of",1932,-0.5,13,0.9416666666666667
"Micronesia, Federated State of",1933,-0.5,14,0.9416666666666667
"Micronesia, Federated State of",1934,-0.4,15,0.9933333333333333
"Micronesia, Federated State of",1935,-0.4,16,0.9933333333333333
"Micronesia, Federated State of",1936,-0.4,17,0.9933333333333333
"Micronesia, Federated State of",1937,-0.3,18,1.045
"Micronesia, Federated State of",1938,-0.4,19,0.9933333333333333
"Micronesia, Federated State of",1939,-0.3,20,1.045
"Micronesia, Federated State of",1940,-0.4,21,0.9933333333333333
"Micronesia, Federated State of",1941,-0.3,22,1.045
"Micronesia, Federated State of",1942,-0.3,23,1.045
"Micronesia, Federated State of",1943,0.3,24,1.355
"Micronesia, Federated State of",1944,0.2,25,1.3033333333333332
"Micronesia, Federated State of",1945,0.2,26,1.3033333333333332
"Micronesia, Federated State of",1946,0.2,27,1.3033333333333332
"Micronesia, Federated State of",1947,-0.1,28,1.1483333333333332
"Micronesia, Federated State of",1948,-0.3,29,1.045
"Micronesia, Federated State of",1949,-0.4,30,0.9933333333333333
"Micronesia, Federated State of",1950,-0.2,31,1.0966666666666667
"Micronesia, Federated State of",1951,-0.2,32,1.0966666666666667
"Micronesia, Federated State of",1952,-0.3,33,1.045
"Micronesia, Federated State of",1953,-0.2,34,1.0966666666666667
"Micronesia, Federated State of",1954,-0.2,35,1.0966666666666667
"Micronesia, Federated State of",1955,-0.4,36,0.9933333333333333
"Micronesia, Federated State of",1956,-0.2,37,1.0966666666666667
"Micronesia, Federated State of",1957,-0.3,38,1.045
"Micronesia, Federated State of",1958,-0.4,39,0.9933333333333333
"Micronesia, Federated State of",1959,-0.3,40,1.045
"Micronesia, Federated State of",1960,-0.2,41,1.0966666666666667
"Micronesia, Federated State of",1961,-0.2,42,1.0966666666666667
"Micronesia, Federated State of",1962,-0.1,43,1.1483333333333332
"Micronesia, Federated State of",1963,0,44,1.2
"Micronesia, Federated State of",1964,-0.1,45,1.1483333333333332
"Micronesia, Federated State of",1965,-0.4,46,0.9933333333333333
"Micronesia, Federated State of",1966,-0.3,47,1.045
"Micronesia, Federated State of",1967,-0.2,48,1.0966666666666667
"Micronesia, Federated State of",1968,-0.1,49,1.1483333333333332
"Micronesia, Federated State of",1969,0,50,1.2
"Micronesia, Federated State of",1970,0,51,1.2
"Micronesia, Federated State of",1971,-0.2,52,1.0966666666666667
"Micronesia, Federated State of",1972,-0.5,53,0.9416666666666667
"Micronesia, Federated State of",1973,-0.2,54,1.0966666666666667
"Micronesia, Federated State of",1974,-0.2,55,1.0966666666666667
"Micronesia, Federated State of",1975,-0.3,56,1.045
"Micronesia, Federated State of",1976,-0.3,57,1.045
"Micronesia, Federated State of",1977,-0.2,58,1.0966666666666667
"Micronesia, Federated State of",1978,-0.1,59,1.1483333333333332
"Micronesia, Federated State of",1979,-0.1,60,1.1483333333333332
"Micronesia, Federated State of",1980,-0.1,61,1.1483333333333332
"Micronesia, Federated State of",1981,0.1,62,1.2516666666666667
"Micronesia, Federated State of",1982,-0.1,63,1.1483333333333332
"Micronesia, Federated State of",1983,-0.2,64,1.0966666666666667
"Micronesia, Federated State of",1984,0.1,65,1.2516666666666667
"Micronesia, Federated State of",1985,0,66,1.2
"Micronesia, Federated State of",1986,0,67,1.2
"Micronesia, Federated State of",1987,-0.1,68,1.1483333333333332
"Micronesia, Federated State of",1988,0.2,69,1.3033333333333332
"Micronesia, Federated State of",1989,0.1,70,1.2516666666666667
"Micronesia, Federated State of",1990,0,71,1.2
"Micronesia, Federated State of",1991,-0.1,72,1.1483333333333332
"Micronesia, Federated State of",1992,-0.3,73,1.045
"Micronesia, Federated State of",1993,-0.4,74,0.9933333333333333
"Micronesia, Federated State of",1994,0,75,1.2
"Micronesia, Federated State of",1995,0.3,76,1.355
"Micronesia, Federated State of",1996,0.4,77,1.4066666666666667
"Micronesia, Federated State of",1997,0,78,1.2
"Micronesia, Federated State of",1998,0.1,79,1.2516666666666667
"Micronesia, Federated State of",1999,0.2,80,1.3033333333333332
"Micronesia, Federated State of",2000,0.2,81,1.3033333333333332
"Micronesia, Federated State of",2001,0.4,82,1.4066666666666667
"Micronesia, Federated State of",2002,0.3,83,1.355
"Micronesia, Federated State of",2003,0.4,84,1.4066666666666667
"Micronesia, Federated State of",2004,0.3,85,1.355
"Micronesia, Federated State of",2005,0.3,86,1.355
"Micronesia, Federated State of",2006,0.3,87,1.355
"Micronesia, Federated State of",2007,0.4,88,1.4066666666666667
"Micronesia, Federated State of",2008,0.3,89,1.355
"Micronesia, Federated State of",2009,0.4,90,1.4066666666666667
"Micronesia, Federated State of",2010,0.4,91,1.4066666666666667
"Micronesia, Federated State of",2011,0.4,92,1.4066666666666667
"Micronesia, Federated State of",2012,0.4,93,1.4066666666666667
"Micronesia, Federated State of",2013,0.5,94,1.4583333333333333
"Micronesia, Federated State of",2014,0.6,95,1.51
"Micronesia, Federated State of",2015,0.3,96,1.355
"Micronesia, Federated State of",2016,0.6,97,1.51
"Micronesia, Federated State of",2017,0.7,98,1.5616666666666665
"Micronesia, Federated State of",2018,0.6,99,1.51
"Micronesia, Federated State of",2019,0.5,100,1.4583333333333333
"Micronesia, Federated State of",2020,0.7,101,1.5616666666666665
Nauru,1920,-0.5,1,0.9416666666666667
Nauru,1921,-0.5,2,0.9416666666666667
Nauru,1922,-0.3,3,1.045
Nauru,1923,-0.2,4,1.0966666666666667
Nauru,1924,-0.4,5,0.9933333333333333
Nauru,1925,-0.6,6,0.8899999999999999
Nauru,1926,-0.4,7,0.9933333333333333
Nauru,1927,-0.8,8,0.7866666666666666
Nauru,1928,-0.4,9,0.9933333333333333
Nauru,1929,-0.2,10,1.0966666666666667
Nauru,1930,-0.2,11,1.0966666666666667
Nauru,1931,-0.2,12,1.0966666666666667
Nauru,1932,-0.4,13,0.9933333333333333
Nauru,1933,-0.9,14,0.735
Nauru,1934,-0.9,15,0.735
Nauru,1935,-0.4,16,0.9933333333333333
Nauru,1936,-0.4,17,0.9933333333333333
Nauru,1937,-0.5,18,0.9416666666666667
Nauru,1938,-0.7,19,0.8383333333333333
Nauru,1939,-0.4,20,0.9933333333333333
Nauru,1940,0,21,1.2
Nauru,1941,0.1,22,1.2516666666666667
Nauru,1942,0,23,1.2
Nauru,1943,-0.3,24,1.045
Nauru,1944,0.1,25,1.2516666666666667
Nauru,1945,-0.2,26,1.0966666666666667
Nauru,1946,0.2,27,1.3033333333333332
Nauru,1947,-0.1,28,1.1483333333333332
Nauru,1948,-0.7,29,0.8383333333333333
Nauru,1949,-0.9,30,0.735
Nauru,1950,-0.8,31,0.7866666666666666
Nauru,1951,-0.2,32,1.0966666666666667
Nauru,1952,-0.4,33,0.9933333333333333
Nauru,1953,-0.4,34,0.9933333333333333
Nauru,1954,-0.6,35,0.8899999999999999
Nauru,1955,-0.8,36,0.7866666666666666
Nauru,1956,-0.5,37,0.9416666666666667
Nauru,1957,-0.5,38,0.9416666666666667
Nauru,1958,0,39,1.2
Nauru,1959,-0.2,40,1.0966666666666667
Nauru,1960,-0.4,41,0.9933333333333333
Nauru,1961,-0.4,42,0.9933333333333333
Nauru,1962,-0.3,43,1.045
Nauru,1963,-0.2,44,1.0966666666666667
Nauru,1964,-0.7,45,0.8383333333333333
Nauru,1965,-0.5,46,0.9416666666666667
Nauru,1966,0,47,1.2
Nauru,1967,-0.2,48,1.0966666666666667
Nauru,1968,-0.1,49,1.1483333333333332
Nauru,1969,0.5,50,1.4583333333333333
Nauru,1970,-0.3,51,1.045
Nauru,1971,-0.8,52,0.7866666666666666
Nauru,1972,-0.2,53,1.0966666666666667
Nauru,1973,-0.4,54,0.9933333333333333
Nauru,1974,-0.6,55,0.8899999999999999
Nauru,1975,-1,56,0.6833333333333332
Nauru,1976,-0.4,57,0.9933333333333333
Nauru,1977,0,58,1.2
Nauru,1978,0,59,1.2
Nauru,1979,0.2,60,1.3033333333333332
Nauru,1980,0.3,61,1.355
Nauru,1981,0.1,62,1.2516666666666667
Nauru,1982,0.2,63,1.3033333333333332
Nauru,1983,-0.2,64,1.0966666666666667
Nauru,1984,-0.3,65,1.045
Nauru,1985,-0.2,66,1.0966666666666667
Nauru,1986,0.2,67,1.3033333333333332
Nauru,1987,0.1,68,1.2516666666666667
Nauru,1988,-0.1,69,1.1483333333333332
Nauru,1989,-0.3,70,1.045
Nauru,1990,0.4,71,1.4066666666666667
Nauru,1991,0.5,72,1.4583333333333333
Nauru,1992,0.1,73,1.2516666666666667
Nauru,1993,0.1,74,1.2516666666666667
Nauru,1994,0.3,75,1.355
Nauru,1995,0.4,76,1.4066666666666667
Nauru,1996,0.1,77,1.2516666666666667
Nauru,1997,0.2,78,1.3033333333333332
Nauru,1998,-0.4,79,0.9933333333333333
Nauru,1999,-0.5,80,0.9416666666666667
Nauru,2000,-0.4,81,0.9933333333333333
Nauru,2001,0.2,82,1.3033333333333332
Nauru,2002,0.6,83,1.51
Nauru,2003,0.7,84,1.5616666666666665
Nauru,2004,0.7,85,1.5616666666666665
Nauru,2005,0.7,86,1.5616666666666665
Nauru,2006,0.5,87,1.4583333333333333
Nauru,2007,0.4,88,1.4066666666666667
Nauru,2008,-0.4,89,0.9933333333333333
Nauru,2009,0.4,90,1.4066666666666667
Nauru,2010,0,91,1.2
Nauru,2011,-0.3,92,1.045
Nauru,2012,0.1,93,1.2516666666666667
Nauru,2013,0.3,94,1.355
Nauru,2014,0.8,95,1.6133333333333333
Nauru,2015,0.7,96,1.5616666666666665
Nauru,2016,0.6,97,1.51
Nauru,2017,0.5,98,1.4583333333333333
Nauru,2018,0.8,99,1.6133333333333333
Nauru,2019,0.9,100,1.665
Nauru,2020,0.6,101,1.51
New Caledonia,1920,-0.7,1,0.8383333333333333
New Caledonia,1921,-0.6,2,0.8899999999999999
New Caledonia,1922,-0.6,3,0.8899999999999999
New Caledonia,1923,-0.7,4,0.8383333333333333
New Caledonia,1924,-0.3,5,1.045
New Caledonia,1925,-0.9,6,0.735
New Caledonia,1926,-0.6,7,0.8899999999999999
New Caledonia,1927,-0.6,8,0.8899999999999999
New Caledonia,1928,-0.7,9,0.8383333333333333
New Caledonia,1929,-0.7,10,0.8383333333333333
New Caledonia,1930,-1,11,0.6833333333333332
New Caledonia,1931,-0.6,12,0.8899999999999999
New Caledonia,1932,-0.8,13,0.7866666666666666
New Caledonia,1933,-0.5,14,0.9416666666666667
New Caledonia,1934,-0.9,15,0.735
New Caledonia,1935,-0.5,16,0.9416666666666667
New Caledonia,1936,-0.7,17,0.8383333333333333
New Caledonia,1937,-0.7,18,0.8383333333333333
New Caledonia,1938,-0.2,19,1.0966666666666667
New Caledonia,1939,-0.7,20,0.8383333333333333
New Caledonia,1940,-0.8,21,0.7866666666666666
New Caledonia,1941,-0.6,22,0.8899999999999999
New Caledonia,1942,-0.3,23,1.045
New Caledonia,1943,0,24,1.2
New Caledonia,1944,-0.1,25,1.1483333333333332
New Caledonia,1945,-0.1,26,1.1483333333333332
New Caledonia,1946,-0.4,27,0.9933333333333333
New Caledonia,1947,-0.6,28,0.8899999999999999
New Caledonia,1948,-0.4,29,0.9933333333333333
New Caledonia,1949,-0.6,30,0.8899999999999999
New Caledonia,1950,-0.2,31,1.0966666666666667
New Caledonia,1951,-0.5,32,0.9416666666666667
New Caledonia,1952,-0.3,33,1.045
New Caledonia,1953,-0.3,34,1.045
New Caledonia,1954,-0.5,35,0.9416666666666667
New Caledonia,1955,-0.3,36,1.045
New Caledonia,1956,0,37,1.2
New Caledonia,1957,-0.4,38,0.9933333333333333
New Caledonia,1958,-0.2,39,1.0966666666666667
New Caledonia,1959,-0.4,40,0.9933333333333333
New Caledonia,1960,-0.3,41,1.045
New Caledonia,1961,-0.5,42,0.9416666666666667
New Caledonia,1962,-0.2,43,1.0966666666666667
New Caledonia,1963,-0.5,44,0.9416666666666667
New Caledonia,1964,-0.2,45,1.0966666666666667
New Caledonia,1965,-0.8,46,0.7866666666666666
New Caledonia,1966,-0.8,47,0.7866666666666666
New Caledonia,1967,-0.4,48,0.9933333333333333
New Caledonia,1968,-0.3,49,1.045
New Caledonia,1969,-0.3,50,1.045
New Caledonia,1970,0.1,51,1.2516666666666667
New Caledonia,1971,0.1,52,1.2516666666666667
New Caledonia,1972,-0.4,53,0.9933333333333333
New Caledonia,1973,0.4,54,1.4066666666666667
New Caledonia,1974,0.1,55,1.2516666666666667
New Caledonia,1975,0.2,56,1.3033333333333332
New Caledonia,1976,-0.1,57,1.1483333333333332
New Caledonia,1977,-0.4,58,0.9933333333333333
New Caledonia,1978,-0.3,59,1.045
New Caledonia,1979,-0.1,60,1.1483333333333332
New Caledonia,1980,-0.2,61,1.0966666666666667
New Caledonia,1981,0,62,1.2
New Caledonia,1982,-0.5,63,0.9416666666666667
New Caledonia,1983,-0.1,64,1.1483333333333332
New Caledonia,1984,-0.1,65,1.1483333333333332
New Caledonia,1985,-0.1,66,1.1483333333333332
New Caledonia,1986,-0.1,67,1.1483333333333332
New Caledonia,1987,-0.2,68,1.0966666666666667
New Caledonia,1988,0.4,69,1.4066666666666667
New Caledonia,1989,0.1,70,1.2516666666666667
New Caledonia,1990,0.1,71,1.2516666666666667
New Caledonia,1991,-0.4,72,0.9933333333333333
New Caledonia,1992,-0.4,73,0.9933333333333333
New Caledonia,1993,-0.5,74,0.9416666666666667
New Caledonia,1994,-0.6,75,0.8899999999999999
New Caledonia,1995,0.1,76,1.2516666666666667
New Caledonia,1996,0.2,77,1.3033333333333332
New Caledonia,1997,-0.1,78,1.1483333333333332
New Caledonia,1998,0.8,79,1.6133333333333333
New Caledonia,1999,0.2,80,1.3033333333333332
New Caledonia,2000,0,81,1.2
New Caledonia,2001,0.3,82,1.355
New Caledonia,2002,0.2,83,1.3033333333333332
New Caledonia,2003,0.2,84,1.3033333333333332
New Caledonia,2004,0.1,85,1.2516666666666667
New Caledonia,2005,0.2,86,1.3033333333333332
New Caledonia,2006,0,87,1.2
New Caledonia,2007,0.1,88,1.2516666666666667
New Caledonia,2008,0.3,89,1.355
New Caledonia,2009,0.2,90,1.3033333333333332
New Caledonia,2010,0.4,91,1.4066666666666667
New Caledonia,2011,0.3,92,1.355
New Caledonia,2012,0,93,1.2
New Caledonia,2013,0.2,94,1.3033333333333332
New Caledonia,2014,0.1,95,1.2516666666666667
New Caledonia,2015,0,96,1.2
New Caledonia,2016,0.7,97,1.5616666666666665
New Caledonia,2017,0.5,98,1.4583333333333333
New Caledonia,2018,0.3,99,1.355
New Caledonia,2019,0.2,100,1.3033333333333332
New Caledonia,2020,0.5,101,1.4583333333333333
Niue,1920,-0.5,1,0.9416666666666667
Niue,1921,-0.5,2,0.9416666666666667
Niue,1922,-0.1,3,1.1483333333333332
Niue,1923,-0.4,4,0.9933333333333333
Niue,1924,0,5,1.2
Niue,1925,-0.3,6,1.045
Niue,1926,-0.6,7,0.8899999999999999
Niue,1927,-0.2,8,1.0966666666666667
Niue,1928,-0.4,9,0.9933333333333333
Niue,1929,-0.4,10,0.9933333333333333
Niue,1930,-0.7,11,0.8383333333333333
Niue,1931,-0.6,12,0.8899999999999999
Niue,1932,-0.2,13,1.0966666666666667
Niue,1933,-0.5,14,0.9416666666666667
Niue,1934,-0.4,15,0.9933333333333333
Niue,1935,-0.3,16,1.045
Niue,1936,-0.2,17,1.0966666666666667
Niue,1937,-0.2,18,1.0966666666666667
Niue,1938,-0.1,19,1.1483333333333332
Niue,1939,-0.4,20,0.9933333333333333
Niue,1940,-0.5,21,0.9416666666666667
Niue,1941,-0.2,22,1.0966666666666667
Niue,1942,0.1,23,1.2516666666666667
Niue,1943,0.5,24,1.4583333333333333
Niue,1944,0.4,25,1.4066666666666667
Niue,1945,0.1,26,1.2516666666666667
Niue,1946,0.2,27,1.3033333333333332
Niue,1947,0.1,28,1.2516666666666667
Niue,1948,-0.3,29,1.045
Niue,1949,-0.1,30,1.1483333333333332
Niue,1950,0.2,31,1.3033333333333332
Niue,1951,0,32,1.2
Niue,1952,0.3,33,1.355
Niue,1953,0.1,34,1.2516666666666667
Niue,1954,0,35,1.2
Niue,1955,0,36,1.2
Niue,1956,0.1,37,1.2516666666666667
Niue,1957,-0.2,38,1.0966666666666667
Niue,1958,-0.3,39,1.045
Niue,1959,-0.1,40,1.1483333333333332
Niue,1960,0,41,1.2
Niue,1961,0.1,42,1.2516666666666667
Niue,1962,-0.1,43,1.1483333333333332
Niue,1963,-0.1,44,1.1483333333333332
Niue,1964,0,45,1.2
Niue,1965,-0.4,46,0.9933333333333333
Niue,1966,-0.3,47,1.045
Niue,1967,-0.1,48,1.1483333333333332
Niue,1968,0.2,49,1.3033333333333332
Niue,1969,-0.1,50,1.1483333333333332
Niue,1970,0.2,51,1.3033333333333332
Niue,1971,0.2,52,1.3033333333333332
Niue,1972,-0.1,53,1.1483333333333332
Niue,1973,0.5,54,1.4583333333333333
Niue,1974,0.3,55,1.355
Niue,1975,0.1,56,1.2516666666666667
Niue,1976,0,57,1.2
Niue,1977,-0.4,58,0.9933333333333333
Niue,1978,-0.2,59,1.0966666666666667
Niue,1979,-0.2,60,1.0966666666666667
Niue,1980,0,61,1.2
Niue,1981,-0.1,62,1.1483333333333332
Niue,1982,-0.1,63,1.1483333333333332
Niue,1983,-0.3,64,1.045
Niue,1984,0,65,1.2
Niue,1985,-0.2,66,1.0966666666666667
Niue,1986,-0.4,67,0.9933333333333333
Niue,1987,-0.5,68,0.9416666666666667
Niue,1988,0.4,69,1.4066666666666667
Niue,1989,0.1,70,1.2516666666666667
Niue,1990,0,71,1.2
Niue,1991,0.1,72,1.2516666666666667
Niue,1992,0.1,73,1.2516666666666667
Niue,1993,-0.2,74,1.0966666666666667
Niue,1994,-0.1,75,1.1483333333333332
Niue,1995,0.2,76,1.3033333333333332
Niue,1996,0.3,77,1.355
Niue,1997,-0.2,78,1.0966666666666667
Niue,1998,-0.2,79,1.0966666666666667
Niue,1999,0.5,80,1.4583333333333333
Niue,2000,0.6,81,1.51
Niue,2001,0.2,82,1.3033333333333332
Niue,2002,0.4,83,1.4066666666666667
Niue,2003,0.4,84,1.4066666666666667
Niue,2004,0.6,85,1.51
Niue,2005,0.5,86,1.4583333333333333
Niue,2006,0.5,87,1.4583333333333333
Niue,2007,0.5,88,1.4583333333333333
Niue,2008,0.5,89,1.4583333333333333
Niue,2009,0.4,90,1.4066666666666667
Niue,2010,0.7,91,1.5616666666666665
Niue,2011,0.8,92,1.6133333333333333
Niue,2012,0.4,93,1.4066666666666667
Niue,2013,0.6,94,1.51
Niue,2014,0.5,95,1.4583333333333333
Niue,2015,0,96,1.2
Niue,2016,0.4,97,1.4066666666666667
Niue,2017,0.7,98,1.5616666666666665
Niue,2018,0.6,99,1.51
Niue,2019,0.6,100,1.51
Niue,2020,0.7,101,1.5616666666666665
Northern Mariana Islands,1920,-0.7,1,0.8383333333333333
Northern Mariana Islands,1921,-0.2,2,1.0966666666666667
Northern Mariana Islands,1922,-0.4,3,0.9933333333333333
Northern Mariana Islands,1923,-0.7,4,0.8383333333333333
Northern Mariana Islands,1924,-0.3,5,1.045
Northern Mariana Islands,1925,-0.4,6,0.9933333333333333
Northern Mariana Islands,1926,-0.3,7,1.045
Northern Mariana Islands,1927,-0.3,8,1.045
Northern Mariana Islands,1928,-0.7,9,0.8383333333333333
Northern Mariana Islands,1929,-0.4,10,0.9933333333333333
Northern Mariana Islands,1930,-0.4,11,0.9933333333333333
Northern Mariana Islands,1931,-0.1,12,1.1483333333333332
Northern Mariana Islands,1932,-0.4,13,0.9933333333333333
Northern Mariana Islands,1933,-0.4,14,0.9933333333333333
Northern Mariana Islands,1934,-0.5,15,0.9416666666666667
Northern Mariana Islands,1935,-0.4,16,0.9933333333333333
Northern Mariana Islands,1936,-0.4,17,0.9933333333333333
Northern Mariana Islands,1937,-0.3,18,1.045
Northern Mariana Islands,1938,-0.2,19,1.0966666666666667
Northern Mariana Islands,1939,-0.4,20,0.9933333333333333
Northern Mariana Islands,1940,-0.4,21,0.9933333333333333
Northern Mariana Islands,1941,0,22,1.2
Northern Mariana Islands,1942,-0.1,23,1.1483333333333332
Northern Mariana Islands,1943,0.1,24,1.2516666666666667
Northern Mariana Islands,1944,0.1,25,1.2516666666666667
Northern Mariana Islands,1945,0.3,26,1.355
Northern Mariana Islands,1946,0.3,27,1.355
Northern Mariana Islands,1947,0,28,1.2
Northern Mariana Islands,1948,-0.2,29,1.0966666666666667
Northern Mariana Islands,1949,-0.1,30,1.1483333333333332
Northern Mariana Islands,1950,-0.1,31,1.1483333333333332
Northern Mariana Islands,1951,0.1,32,1.2516666666666667
Northern Mariana Islands,1952,0.1,33,1.2516666666666667
Northern Mariana Islands,1953,0.1,34,1.2516666666666667
Northern Mariana Islands,1954,0.1,35,1.2516666666666667
Northern Mariana Islands,1955,-0.1,36,1.1483333333333332
Northern Mariana Islands,1956,-0.3,37,1.045
Northern Mariana Islands,1957,-0.3,38,1.045
Northern Mariana Islands,1958,-0.3,39,1.045
Northern Mariana Islands,1959,-0.2,40,1.0966666666666667
Northern Mariana Islands,1960,0,41,1.2
Northern Mariana Islands,1961,0,42,1.2
Northern Mariana Islands,1962,-0.2,43,1.0966666666666667
Northern Mariana Islands,1963,-0.3,44,1.045
Northern Mariana Islands,1964,-0.1,45,1.1483333333333332
Northern Mariana Islands,1965,-0.4,46,0.9933333333333333
Northern Mariana Islands,1966,-0.1,47,1.1483333333333332
Northern Mariana Islands,1967,-0.2,48,1.0966666666666667
Northern Mariana Islands,1968,-0.3,49,1.045
Northern Mariana Islands,1969,0.1,50,1.2516666666666667
Northern Mariana Islands,1970,0.1,51,1.2516666666666667
Northern Mariana Islands,1971,0,52,1.2
Northern Mariana Islands,1972,-0.6,53,0.8899999999999999
Northern Mariana Islands,1973,-0.1,54,1.1483333333333332
Northern Mariana Islands,1974,-0.2,55,1.0966666666666667
Northern Mariana Islands,1975,0,56,1.2
Northern Mariana Islands,1976,-0.1,57,1.1483333333333332
Northern Mariana Islands,1977,-0.1,58,1.1483333333333332
Northern Mariana Islands,1978,-0.2,59,1.0966666666666667
Northern Mariana Islands,1979,-0.2,60,1.0966666666666667
Northern Mariana Islands,1980,0,61,1.2
Northern Mariana Islands,1981,0.1,62,1.2516666666666667
Northern Mariana Islands,1982,-0.2,63,1.0966666666666667
Northern Mariana Islands,1983,-0.1,64,1.1483333333333332
Northern Mariana Islands,1984,0,65,1.2
Northern Mariana Islands,1985,-0.1,66,1.1483333333333332
Northern Mariana Islands,1986,-0.1,67,1.1483333333333332
Northern Mariana Islands,1987,0,68,1.2
Northern Mariana Islands,1988,0.5,69,1.4583333333333333
Northern Mariana Islands,1989,0.1,70,1.2516666666666667
Northern Mariana Islands,1990,-0.2,71,1.0966666666666667
Northern Mariana Islands,1991,-0.1,72,1.1483333333333332
Northern Mariana Islands,1992,-0.3,73,1.045
Northern Mariana Islands,1993,-0.3,74,1.045
Northern Mariana Islands,1994,-0.1,75,1.1483333333333332
Northern Mariana Islands,1995,0,76,1.2
Northern Mariana Islands,1996,0.1,77,1.2516666666666667
Northern Mariana Islands,1997,0,78,1.2
Northern Mariana Islands,1998,0.4,79,1.4066666666666667
Northern Mariana Islands,1999,0.7,80,1.5616666666666665
Northern Mariana Islands,2000,0.4,81,1.4066666666666667
Northern Mariana Islands,2001,0.6,82,1.51
Northern Mariana Islands,2002,0.3,83,1.355
Northern Mariana Islands,2003,0.3,84,1.355
Northern Mariana Islands,2004,0.1,85,1.2516666666666667
Northern Mariana Islands,2005,0.2,86,1.3033333333333332
Northern Mariana Islands,2006,0.1,87,1.2516666666666667
Northern Mariana Islands,2007,0.4,88,1.4066666666666667
Northern Mariana Islands,2008,0.6,89,1.51
Northern Mariana Islands,2009,0.4,90,1.4066666666666667
Northern Mariana Islands,2010,0.2,91,1.3033333333333332
Northern Mariana Islands,2011,0.2,92,1.3033333333333332
Northern Mariana Islands,2012,0.2,93,1.3033333333333332
Northern Mariana Islands,2013,0.4,94,1.4066666666666667
Northern Mariana Islands,2014,0.3,95,1.355
Northern Mariana Islands,2015,0.2,96,1.3033333333333332
Northern Mariana Islands,2016,0.6,97,1.51
Northern Mariana Islands,2017,0.8,98,1.6133333333333333
Northern Mariana Islands,2018,0.7,99,1.5616666666666665
Northern Mariana Islands,2019,0.7,100,1.5616666666666665
Northern Mariana Islands,2020,0.8,101,1.6133333333333333
Palau,1920,-0.7,1,0.8383333333333333
Palau,1921,-0.1,2,1.1483333333333332
Palau,1922,-0.2,3,1.0966666666666667
Palau,1923,-0.5,4,0.9416666666666667
Palau,1924,-0.4,5,0.9933333333333333
Palau,1925,-0.3,6,1.045
Palau,1926,-0.5,7,0.9416666666666667
Palau,1927,-0.2,8,1.0966666666666667
Palau,1928,-0.4,9,0.9933333333333333
Palau,1929,-0.6,10,0.8899999999999999
Palau,1930,-0.6,11,0.8899999999999999
Palau,1931,-0.3,12,1.045
Palau,1932,-0.5,13,0.9416666666666667
Palau,1933,-0.4,14,0.9933333333333333
Palau,1934,-0.4,15,0.9933333333333333
Palau,1935,-0.6,16,0.8899999999999999
Palau,1936,-0.5,17,0.9416666666666667
Palau,1937,-0.3,18,1.045
Palau,1938,-0.3,19,1.045
Palau,1939,-0.3,20,1.045
Palau,1940,-0.5,21,0.9416666666666667
Palau,1941,-0.4,22,0.9933333333333333
Palau,1942,-0.2,23,1.0966666666666667
Palau,1943,0,24,1.2
Palau,1944,0.1,25,1.2516666666666667
Palau,1945,0.3,26,1.355
Palau,1946,0.1,27,1.2516666666666667
Palau,1947,-0.2,28,1.0966666666666667
Palau,1948,-0.4,29,0.9933333333333333
Palau,1949,-0.5,30,0.9416666666666667
Palau,1950,-0.2,31,1.0966666666666667
Palau,1951,-0.3,32,1.045
Palau,1952,-0.4,33,0.9933333333333333
Palau,1953,-0.2,34,1.0966666666666667
Palau,1954,-0.1,35,1.1483333333333332
Palau,1955,-0.3,36,1.045
Palau,1956,-0.3,37,1.045
Palau,1957,-0.2,38,1.0966666666666667
Palau,1958,-0.5,39,0.9416666666666667
Palau,1959,-0.4,40,0.9933333333333333
Palau,1960,-0.1,41,1.1483333333333332
Palau,1961,-0.3,42,1.045
Palau,1962,-0.3,43,1.045
Palau,1963,-0.3,44,1.045
Palau,1964,-0.1,45,1.1483333333333332
Palau,1965,-0.5,46,0.9416666666666667
Palau,1966,-0.4,47,0.9933333333333333
Palau,1967,-0.5,48,0.9416666666666667
Palau,1968,-0.3,49,1.045
Palau,1969,-0.2,50,1.0966666666666667
Palau,1970,0,51,1.2
Palau,1971,-0.2,52,1.0966666666666667
Palau,1972,-0.4,53,0.9933333333333333
Palau,1973,-0.1,54,1.1483333333333332
Palau,1974,-0.2,55,1.0966666666666667
Palau,1975,-0.2,56,1.0966666666666667
Palau,1976,-0.4,57,0.9933333333333333
Palau,1977,-0.3,58,1.045
Palau,1978,-0.1,59,1.1483333333333332
Palau,1979,-0.2,60,1.0966666666666667
Palau,1980,-0.3,61,1.045
Palau,1981,0.1,62,1.2516666666666667
Palau,1982,-0.2,63,1.0966666666666667
Palau,1983,-0.2,64,1.0966666666666667
Palau,1984,0,65,1.2
Palau,1985,0,66,1.2
Palau,1986,-0.1,67,1.1483333333333332
Palau,1987,-0.1,68,1.1483333333333332
Palau,1988,0.3,69,1.355
Palau,1989,0.2,70,1.3033333333333332
Palau,1990,-0.2,71,1.0966666666666667
Palau,1991,-0.4,72,0.9933333333333333
Palau,1992,-0.3,73,1.045
Palau,1993,-0.4,74,0.9933333333333333
Palau,1994,-0.1,75,1.1483333333333332
Palau,1995,0.2,76,1.3033333333333332
Palau,1996,0.3,77,1.355
Palau,1997,0,78,1.2
Palau,1998,0.4,79,1.4066666666666667
Palau,1999,0.3,80,1.355
Palau,2000,0.3,81,1.355
Palau,2001,0.3,82,1.355
Palau,2002,0.1,83,1.2516666666666667
Palau,2003,0.1,84,1.2516666666666667
Palau,2004,0,85,1.2
Palau,2005,0.2,86,1.3033333333333332
Palau,2006,0.1,87,1.2516666666666667
Palau,2007,0.2,88,1.3033333333333332
Palau,2008,0.2,89,1.3033333333333332
Palau,2009,0.3,90,1.355
Palau,2010,0.6,91,1.51
Palau,2011,0.4,92,1.4066666666666667
Palau,2012,0.4,93,1.4066666666666667
Palau,2013,0.6,94,1.51
Palau,2014,0.5,95,1.4583333333333333
Palau,2015,0.2,96,1.3033333333333332
Palau,2016,0.6,97,1.51
Palau,2017,0.7,98,1.5616666666666665
Palau,2018,0.5,99,1.4583333333333333
Palau,2019,0.3,100,1.355
Palau,2020,0.7,101,1.5616666666666665
Papua New Guinea,1920,-0.8,1,0.7866666666666666
Papua New Guinea,1921,-0.2,2,1.0966666666666667
Papua New Guinea,1922,-0.2,3,1.0966666666666667
Papua New Guinea,1923,-0.5,4,0.9416666666666667
Papua New Guinea,1924,-0.3,5,1.045
Papua New Guinea,1925,-0.5,6,0.9416666666666667
Papua New Guinea,1926,-0.5,7,0.9416666666666667
Papua New Guinea,1927,-0.4,8,0.9933333333333333
Papua New Guinea,1928,-0.4,9,0.9933333333333333
Papua New Guinea,1929,-0.6,10,0.8899999999999999
Papua New Guinea,1930,-0.6,11,0.8899999999999999
Papua New Guinea,1931,-0.3,12,1.045
Papua New Guinea,1932,-0.6,13,0.8899999999999999
Papua New Guinea,1933,-0.4,14,0.9933333333333333
Papua New Guinea,1934,-0.4,15,0.9933333333333333
Papua New Guinea,1935,-0.5,16,0.9416666666666667
Papua New Guinea,1936,-0.4,17,0.9933333333333333
Papua New Guinea,1937,-0.4,18,0.9933333333333333
Papua New Guinea,1938,-0.3,19,1.045
Papua New Guinea,1939,-0.5,20,0.9416666666666667
Papua New Guinea,1940,-0.6,21,0.8899999999999999
Papua New Guinea,1941,-0.6,22,0.8899999999999999
Papua New Guinea,1942,-0.2,23,1.0966666666666667
Papua New Guinea,1943,0.3,24,1.355
Papua New Guinea,1944,0.1,25,1.2516666666666667
Papua New Guinea,1945,0.2,26,1.3033333333333332
Papua New Guinea,1946,-0.2,27,1.0966666666666667
Papua New Guinea,1947,-0.5,28,0.9416666666666667
Papua New Guinea,1948,-0.6,29,0.8899999999999999
Papua New Guinea,1949,-0.8,30,0.7866666666666666
Papua New Guinea,1950,-0.3,31,1.045
Papua New Guinea,1951,-0.5,32,0.9416666666666667
Papua New Guinea,1952,-0.5,33,0.9416666666666667
Papua New Guinea,1953,-0.5,34,0.9416666666666667
Papua New Guinea,1954,-0.4,35,0.9933333333333333
Papua New Guinea,1955,-0.5,36,0.9416666666666667
Papua New Guinea,1956,-0.1,37,1.1483333333333332
Papua New Guinea,1957,-0.5,38,0.9416666666666667
Papua New Guinea,1958,-0.5,39,0.9416666666666667
Papua New Guinea,1959,-0.5,40,0.9416666666666667
Papua New Guinea,1960,-0.3,41,1.045
Papua New Guinea,1961,-0.3,42,1.045
Papua New Guinea,1962,0,43,1.2
Papua New Guinea,1963,-0.1,44,1.1483333333333332
Papua New Guinea,1964,-0.1,45,1.1483333333333332
Papua New Guinea,1965,-0.8,46,0.7866666666666666
Papua New Guinea,1966,-0.5,47,0.9416666666666667
Papua New Guinea,1967,-0.3,48,1.045
Papua New Guinea,1968,-0.1,49,1.1483333333333332
Papua New Guinea,1969,0,50,1.2
Papua New Guinea,1970,0.1,51,1.2516666666666667
Papua New Guinea,1971,-0.1,52,1.1483333333333332
Papua New Guinea,1972,-0.5,53,0.9416666666666667
Papua New Guinea,1973,0,54,1.2
Papua New Guinea,1974,-0.1,55,1.1483333333333332
Papua New Guinea,1975,-0.2,56,1.0966666666666667
Papua New Guinea,1976,-0.3,57,1.045
Papua New Guinea,1977,-0.2,58,1.0966666666666667
Papua New Guinea,1978,0,59,1.2
Papua New Guinea,1979,-0.1,60,1.1483333333333332
Papua New Guinea,1980,-0.2,61,1.0966666666666667
Papua New Guinea,1981,0.1,62,1.2516666666666667
Papua New Guinea,1982,-0.4,63,0.9933333333333333
Papua New Guinea,1983,-0.2,64,1.0966666666666667
Papua New Guinea,1984,0,65,1.2
Papua New Guinea,1985,0,66,1.2
Papua New Guinea,1986,0,67,1.2
Papua New Guinea,1987,-0.3,68,1.045
Papua New Guinea,1988,0.2,69,1.3033333333333332
Papua New Guinea,1989,0.2,70,1.3033333333333332
Papua New Guinea,1990,0,71,1.2
Papua New Guinea,1991,-0.1,72,1.1483333333333332
Papua New Guinea,1992,-0.4,73,0.9933333333333333
Papua New Guinea,1993,-0.6,74,0.8899999999999999
Papua New Guinea,1994,-0.1,75,1.1483333333333332
Papua New Guinea,1995,0.3,76,1.355
Papua New Guinea,1996,0.5,77,1.4583333333333333
Papua New Guinea,1997,-0.2,78,1.0966666666666667
Papua New Guinea,1998,0.4,79,1.4066666666666667
Papua New Guinea,1999,0.2,80,1.3033333333333332
Papua New Guinea,2000,0.3,81,1.355
Papua New Guinea,2001,0.4,82,1.4066666666666667
Papua New Guinea,2002,0.3,83,1.355
Papua New Guinea,2003,0.4,84,1.4066666666666667
Papua New Guinea,2004,0.3,85,1.355
Papua New Guinea,2005,0.4,86,1.4066666666666667
Papua New Guinea,2006,0.2,87,1.3033333333333332
Papua New Guinea,2007,0.5,88,1.4583333333333333
Papua New Guinea,2008,0.3,89,1.355
Papua New Guinea,2009,0.4,90,1.4066666666666667
Papua New Guinea,2010,0.6,91,1.51
Papua New Guinea,2011,0.4,92,1.4066666666666667
Papua New Guinea,2012,0.3,93,1.355
Papua New Guinea,2013,0.4,94,1.4066666666666667
Papua New Guinea,2014,0.3,95,1.355
Papua New Guinea,2015,0.1,96,1.2516666666666667
Papua New Guinea,2016,0.7,97,1.5616666666666665
Papua New Guinea,2017,0.7,98,1.5616666666666665
Papua New Guinea,2018,0.5,99,1.4583333333333333
Papua New Guinea,2019,0.3,100,1.355
Papua New Guinea,2020,0.8,101,1.6133333333333333
Samoa,1920,-0.5,1,0.9416666666666667
Samoa,1921,-0.5,2,0.9416666666666667
Samoa,1922,-0.2,3,1.0966666666666667
Samoa,1923,-0.4,4,0.9933333333333333
Samoa,1924,-0.2,5,1.0966666666666667
Samoa,1925,-0.3,6,1.045
Samoa,1926,-0.2,7,1.0966666666666667
Samoa,1927,-0.3,8,1.045
Samoa,1928,-0.3,9,1.045
Samoa,1929,-0.3,10,1.045
Samoa,1930,-0.3,11,1.045
Samoa,1931,-0.3,12,1.045
Samoa,1932,-0.2,13,1.0966666666666667
Samoa,1933,-0.6,14,0.8899999999999999
Samoa,1934,-0.4,15,0.9933333333333333
Samoa,1935,-0.4,16,0.9933333333333333
Samoa,1936,-0.3,17,1.045
Samoa,1937,-0.3,18,1.045
Samoa,1938,-0.4,19,0.9933333333333333
Samoa,1939,-0.6,20,0.8899999999999999
Samoa,1940,-0.1,21,1.1483333333333332
Samoa,1941,0.1,22,1.2516666666666667
Samoa,1942,0,23,1.2
Samoa,1943,0,24,1.2
Samoa,1944,0.1,25,1.2516666666666667
Samoa,1945,0.1,26,1.2516666666666667
Samoa,1946,0.2,27,1.3033333333333332
Samoa,1947,0.1,28,1.2516666666666667
Samoa,1948,-0.2,29,1.0966666666666667
Samoa,1949,-0.2,30,1.0966666666666667
Samoa,1950,-0.3,31,1.045
Samoa,1951,-0.1,32,1.1483333333333332
Samoa,1952,0.1,33,1.2516666666666667
Samoa,1953,0.1,34,1.2516666666666667
Samoa,1954,-0.1,35,1.1483333333333332
Samoa,1955,-0.4,36,0.9933333333333333
Samoa,1956,-0.4,37,0.9933333333333333
Samoa,1957,-0.2,38,1.0966666666666667
Samoa,1958,0,39,1.2
Samoa,1959,0.1,40,1.2516666666666667
Samoa,1960,-0.1,41,1.1483333333333332
Samoa,1961,0,42,1.2
Samoa,1962,-0.1,43,1.1483333333333332
Samoa,1963,0,44,1.2
Samoa,1964,-0.2,45,1.0966666666666667
Samoa,1965,-0.3,46,1.045
Samoa,1966,0,47,1.2
Samoa,1967,-0.3,48,1.045
Samoa,1968,-0.1,49,1.1483333333333332
Samoa,1969,0.2,50,1.3033333333333332
Samoa,1970,0,51,1.2
Samoa,1971,-0.3,52,1.045
Samoa,1972,-0.2,53,1.0966666666666667
Samoa,1973,0.1,54,1.2516666666666667
Samoa,1974,-0.4,55,0.9933333333333333
Samoa,1975,-0.4,56,0.9933333333333333
Samoa,1976,-0.4,57,0.9933333333333333
Samoa,1977,0,58,1.2
Samoa,1978,0,59,1.2
Samoa,1979,0,60,1.2
Samoa,1980,0.2,61,1.3033333333333332
Samoa,1981,-0.1,62,1.1483333333333332
Samoa,1982,0,63,1.2
Samoa,1983,-0.2,64,1.0966666666666667
Samoa,1984,0,65,1.2
Samoa,1985,-0.2,66,1.0966666666666667
Samoa,1986,0,67,1.2
Samoa,1987,0,68,1.2
Samoa,1988,0.1,69,1.2516666666666667
Samoa,1989,-0.2,70,1.0966666666666667
Samoa,1990,0.1,71,1.2516666666666667
Samoa,1991,0.4,72,1.4066666666666667
Samoa,1992,0.2,73,1.3033333333333332
Samoa,1993,0.1,74,1.2516666666666667
Samoa,1994,0.3,75,1.355
Samoa,1995,0.3,76,1.355
Samoa,1996,0.1,77,1.2516666666666667
Samoa,1997,-0.1,78,1.1483333333333332
Samoa,1998,-0.2,79,1.0966666666666667
Samoa,1999,0,80,1.2
Samoa,2000,0.2,81,1.3033333333333332
Samoa,2001,0.2,82,1.3033333333333332
Samoa,2002,0.4,83,1.4066666666666667
Samoa,2003,0.5,84,1.4583333333333333
Samoa,2004,0.5,85,1.4583333333333333
Samoa,2005,0.6,86,1.51
Samoa,2006,0.5,87,1.4583333333333333
Samoa,2007,0.5,88,1.4583333333333333
Samoa,2008,0.1,89,1.2516666666666667
Samoa,2009,0.4,90,1.4066666666666667
Samoa,2010,0.4,91,1.4066666666666667
Samoa,2011,0,92,1.2
Samoa,2012,0.4,93,1.4066666666666667
Samoa,2013,0.5,94,1.4583333333333333
Samoa,2014,0.6,95,1.51
Samoa,2015,0.5,96,1.4583333333333333
Samoa,2016,0.6,97,1.51
Samoa,2017,0.6,98,1.51
Samoa,2018,0.6,99,1.51
Samoa,2019,0.7,100,1.5616666666666665
Samoa,2020,0.6,101,1.51
Solomon Islands,1920,-0.8,1,0.7866666666666666
Solomon Islands,1921,-0.2,2,1.0966666666666667
Solomon Islands,1922,-0.2,3,1.0966666666666667
Solomon Islands,1923,-0.4,4,0.9933333333333333
Solomon Islands,1924,-0.3,5,1.045
Solomon Islands,1925,-0.5,6,0.9416666666666667
Solomon Islands,1926,-0.5,7,0.9416666666666667
Solomon Islands,1927,-0.5,8,0.9416666666666667
Solomon Islands,1928,-0.4,9,0.9933333333333333
Solomon Islands,1929,-0.4,10,0.9933333333333333
Solomon Islands,1930,-0.6,11,0.8899999999999999
Solomon Islands,1931,-0.4,12,0.9933333333333333
Solomon Islands,1932,-0.5,13,0.9416666666666667
Solomon Islands,1933,-0.4,14,0.9933333333333333
Solomon Islands,1934,-0.5,15,0.9416666666666667
Solomon Islands,1935,-0.4,16,0.9933333333333333
Solomon Islands,1936,-0.3,17,1.045
Solomon Islands,1937,-0.4,18,0.9933333333333333
Solomon Islands,1938,-0.3,19,1.045
Solomon Islands,1939,-0.5,20,0.9416666666666667
Solomon Islands,1940,-0.5,21,0.9416666666666667
Solomon Islands,1941,-0.5,22,0.9416666666666667
Solomon Islands,1942,-0.2,23,1.0966666666666667
Solomon Islands,1943,0.4,24,1.4066666666666667
Solomon Islands,1944,0.2,25,1.3033333333333332
Solomon Islands,1945,0.2,26,1.3033333333333332
Solomon Islands,1946,-0.2,27,1.0966666666666667
Solomon Islands,1947,-0.3,28,1.045
Solomon Islands,1948,-0.4,29,0.9933333333333333
Solomon Islands,1949,-0.6,30,0.8899999999999999
Solomon Islands,1950,-0.3,31,1.045
Solomon Islands,1951,-0.4,32,0.9933333333333333
Solomon Islands,1952,-0.4,33,0.9933333333333333
Solomon Islands,1953,-0.4,34,0.9933333333333333
Solomon Islands,1954,-0.4,35,0.9933333333333333
Solomon Islands,1955,-0.4,36,0.9933333333333333
Solomon Islands,1956,-0.1,37,1.1483333333333332
Solomon Islands,1957,-0.5,38,0.9416666666666667
Solomon Islands,1958,-0.4,39,0.9933333333333333
Solomon Islands,1959,-0.4,40,0.9933333333333333
Solomon Islands,1960,-0.3,41,1.045
Solomon Islands,1961,-0.3,42,1.045
Solomon Islands,1962,-0.1,43,1.1483333333333332
Solomon Islands,1963,-0.1,44,1.1483333333333332
Solomon Islands,1964,-0.3,45,1.045
Solomon Islands,1965,-0.8,46,0.7866666666666666
Solomon Islands,1966,-0.5,47,0.9416666666666667
Solomon Islands,1967,-0.3,48,1.045
Solomon Islands,1968,-0.2,49,1.0966666666666667
Solomon Islands,1969,0,50,1.2
Solomon Islands,1970,0,51,1.2
Solomon Islands,1971,-0.1,52,1.1483333333333332
Solomon Islands,1972,-0.4,53,0.9933333333333333
Solomon Islands,1973,0,54,1.2
Solomon Islands,1974,0,55,1.2
Solomon Islands,1975,-0.2,56,1.0966666666666667
Solomon Islands,1976,-0.3,57,1.045
Solomon Islands,1977,-0.2,58,1.0966666666666667
Solomon Islands,1978,-0.1,59,1.1483333333333332
Solomon Islands,1979,-0.1,60,1.1483333333333332
Solomon Islands,1980,-0.1,61,1.1483333333333332
Solomon Islands,1981,0.1,62,1.2516666666666667
Solomon Islands,1982,-0.2,63,1.0966666666666667
Solomon Islands,1983,-0.3,64,1.045
Solomon Islands,1984,0,65,1.2
Solomon Islands,1985,0,66,1.2
Solomon Islands,1986,-0.1,67,1.1483333333333332
Solomon Islands,1987,-0.3,68,1.045
Solomon Islands,1988,0.2,69,1.3033333333333332
Solomon Islands,1989,0.2,70,1.3033333333333332
Solomon Islands,1990,0.2,71,1.3033333333333332
Solomon Islands,1991,0.1,72,1.2516666666666667
Solomon Islands,1992,-0.3,73,1.045
Solomon Islands,1993,-0.5,74,0.9416666666666667
Solomon Islands,1994,-0.1,75,1.1483333333333332
Solomon Islands,1995,0.3,76,1.355
Solomon Islands,1996,0.3,77,1.355
Solomon Islands,1997,-0.1,78,1.1483333333333332
Solomon Islands,1998,0.2,79,1.3033333333333332
Solomon Islands,1999,0.2,80,1.3033333333333332
Solomon Islands,2000,0.3,81,1.355
Solomon Islands,2001,0.4,82,1.4066666666666667
Solomon Islands,2002,0.3,83,1.355
Solomon Islands,2003,0.5,84,1.4583333333333333
Solomon Islands,2004,0.3,85,1.355
Solomon Islands,2005,0.5,86,1.4583333333333333
Solomon Islands,2006,0.3,87,1.355
Solomon Islands,2007,0.6,88,1.51
Solomon Islands,2008,0.3,89,1.355
Solomon Islands,2009,0.4,90,1.4066666666666667
Solomon Islands,2010,0.4,91,1.4066666666666667
Solomon Islands,2011,0.4,92,1.4066666666666667
Solomon Islands,2012,0.3,93,1.355
Solomon Islands,2013,0.4,94,1.4066666666666667
Solomon Islands,2014,0.5,95,1.4583333333333333
Solomon Islands,2015,0.1,96,1.2516666666666667
Solomon Islands,2016,0.7,97,1.5616666666666665
Solomon Islands,2017,0.7,98,1.5616666666666665
Solomon Islands,2018,0.6,99,1.51
Solomon Islands,2019,0.5,100,1.4583333333333333
Solomon Islands,2020,0.8,101,1.6133333333333333
Tokelau,1920,-0.3,1,1.045
Tokelau,1921,-0.7,2,0.8383333333333333
Tokelau,1922,-0.4,3,0.9933333333333333
Tokelau,1923,-0.4,4,0.9933333333333333
Tokelau,1924,-0.4,5,0.9933333333333333
Tokelau,1925,-0.4,6,0.9933333333333333
Tokelau,1926,0,7,1.2
Tokelau,1927,-0.5,8,0.9416666666666667
Tokelau,1928,-0.3,9,1.045
Tokelau,1929,-0.3,10,1.045
Tokelau,1930,-0.1,11,1.1483333333333332
Tokelau,1931,-0.1,12,1.1483333333333332
Tokelau,1932,-0.3,13,1.045
Tokelau,1933,-0.7,14,0.8383333333333333
Tokelau,1934,-0.6,15,0.8899999999999999
Tokelau,1935,-0.5,16,0.9416666666666667
Tokelau,1936,-0.4,17,0.9933333333333333
Tokelau,1937,-0.4,18,0.9933333333333333
Tokelau,1938,-0.8,19,0.7866666666666666
Tokelau,1939,-0.7,20,0.8383333333333333
Tokelau,1940,0.2,21,1.3033333333333332
Tokelau,1941,0.5,22,1.4583333333333333
Tokelau,1942,0,23,1.2
Tokelau,1943,-0.4,24,0.9933333333333333
Tokelau,1944,0,25,1.2
Tokelau,1945,-0.1,26,1.1483333333333332
Tokelau,1946,0,27,1.2
Tokelau,1947,0,28,1.2
Tokelau,1948,-0.3,29,1.045
Tokelau,1949,-0.3,30,1.045
Tokelau,1950,-0.8,31,0.7866666666666666
Tokelau,1951,-0.2,32,1.0966666666666667
Tokelau,1952,0,33,1.2
Tokelau,1953,0.1,34,1.2516666666666667
Tokelau,1954,-0.3,35,1.045
Tokelau,1955,-0.8,36,0.7866666666666666
Tokelau,1956,-0.8,37,0.7866666666666666
Tokelau,1957,-0.1,38,1.1483333333333332
Tokelau,1958,0.3,39,1.355
Tokelau,1959,0.1,40,1.2516666666666667
Tokelau,1960,-0.2,41,1.0966666666666667
Tokelau,1961,-0.2,42,1.0966666666666667
Tokelau,1962,-0.3,43,1.045
Tokelau,1963,-0.1,44,1.1483333333333332
Tokelau,1964,-0.4,45,0.9933333333333333
Tokelau,1965,-0.1,46,1.1483333333333332
Tokelau,1966,0.2,47,1.3033333333333332
Tokelau,1967,-0.3,48,1.045
Tokelau,1968,-0.1,49,1.1483333333333332
Tokelau,1969,0.4,50,1.4066666666666667
Tokelau,1970,-0.1,51,1.1483333333333332
Tokelau,1971,-0.7,52,0.8383333333333333
Tokelau,1972,0,53,1.2
Tokelau,1973,-0.1,54,1.1483333333333332
Tokelau,1974,-0.7,55,0.8383333333333333
Tokelau,1975,-0.7,56,0.8383333333333333
Tokelau,1976,-0.5,57,0.9416666666666667
Tokelau,1977,0.2,58,1.3033333333333332
Tokelau,1978,0,59,1.2
Tokelau,1979,0,60,1.2
Tokelau,1980,0.2,61,1.3033333333333332
Tokelau,1981,-0.2,62,1.0966666666666667
Tokelau,1982,0.1,63,1.2516666666666667
Tokelau,1983,-0.1,64,1.1483333333333332
Tokelau,1984,-0.2,65,1.0966666666666667
Tokelau,1985,-0.3,66,1.045
Tokelau,1986,0.1,67,1.2516666666666667
Tokelau,1987,0.4,68,1.4066666666666667
Tokelau,1988,0,69,1.2
Tokelau,1989,-0.4,70,0.9933333333333333
Tokelau,1990,0.2,71,1.3033333333333332
Tokelau,1991,0.5,72,1.4583333333333333
Tokelau,1992,0.4,73,1.4066666666666667
Tokelau,1993,0.3,74,1.355
Tokelau,1994,0.5,75,1.4583333333333333
Tokelau,1995,0.4,76,1.4066666666666667
Tokelau,1996,0,77,1.2
Tokelau,1997,0.2,78,1.3033333333333332
Tokelau,1998,-0.1,79,1.1483333333333332
Tokelau,1999,-0.4,80,0.9933333333333333
Tokelau,2000,-0.3,81,1.045
Tokelau,2001,0.1,82,1.2516666666666667
Tokelau,2002,0.5,83,1.4583333333333333
Tokelau,2003,0.6,84,1.51
Tokelau,2004,0.5,85,1.4583333333333333
Tokelau,2005,0.4,86,1.4066666666666667
Tokelau,2006,0.4,87,1.4066666666666667
Tokelau,2007,0.3,88,1.355
Tokelau,2008,-0.3,89,1.045
Tokelau,2009,0.5,90,1.4583333333333333
Tokelau,2010,0.2,91,1.3033333333333332
Tokelau,2011,-0.4,92,0.9933333333333333
Tokelau,2012,0.2,93,1.3033333333333332
Tokelau,2013,0.3,94,1.355
Tokelau,2014,0.5,95,1.4583333333333333
Tokelau,2015,0.8,96,1.6133333333333333
Tokelau,2016,0.7,97,1.5616666666666665
Tokelau,2017,0.5,98,1.4583333333333333
Tokelau,2018,0.5,99,1.4583333333333333
Tokelau,2019,0.8,100,1.6133333333333333
Tokelau,2020,0.5,101,1.4583333333333333
Tonga,1920,-0.5,1,0.9416666666666667
Tonga,1921,-0.6,2,0.8899999999999999
Tonga,1922,-0.2,3,1.0966666666666667
Tonga,1923,-0.5,4,0.9416666666666667
Tonga,1924,-0.1,5,1.1483333333333332
Tonga,1925,-0.4,6,0.9933333333333333
Tonga,1926,-0.6,7,0.8899999999999999
Tonga,1927,-0.2,8,1.0966666666666667
Tonga,1928,-0.5,9,0.9416666666666667
Tonga,1929,-0.4,10,0.9933333333333333
Tonga,1930,-0.8,11,0.7866666666666666
Tonga,1931,-0.7,12,0.8383333333333333
Tonga,1932,-0.4,13,0.9933333333333333
Tonga,1933,-0.4,14,0.9933333333333333
Tonga,1934,-0.6,15,0.8899999999999999
Tonga,1935,-0.3,16,1.045
Tonga,1936,-0.3,17,1.045
Tonga,1937,-0.3,18,1.045
Tonga,1938,-0.2,19,1.0966666666666667
Tonga,1939,-0.5,20,0.9416666666666667
Tonga,1940,-0.6,21,0.8899999999999999
Tonga,1941,-0.4,22,0.9933333333333333
Tonga,1942,-0.1,23,1.1483333333333332
Tonga,1943,0.3,24,1.355
Tonga,1944,0.2,25,1.3033333333333332
Tonga,1945,0,26,1.2
Tonga,1946,-0.1,27,1.1483333333333332
Tonga,1947,0,28,1.2
Tonga,1948,-0.2,29,1.0966666666666667
Tonga,1949,-0.1,30,1.1483333333333332
Tonga,1950,0.1,31,1.2516666666666667
Tonga,1951,-0.1,32,1.1483333333333332
Tonga,1952,0.2,33,1.3033333333333332
Tonga,1953,0,34,1.2
Tonga,1954,-0.1,35,1.1483333333333332
Tonga,1955,0,36,1.2
Tonga,1956,0.1,37,1.2516666666666667
Tonga,1957,-0.2,38,1.0966666666666667
Tonga,1958,-0.3,39,1.045
Tonga,1959,-0.2,40,1.0966666666666667
Tonga,1960,-0.1,41,1.1483333333333332
Tonga,1961,0.1,42,1.2516666666666667
Tonga,1962,-0.1,43,1.1483333333333332
Tonga,1963,-0.2,44,1.0966666666666667
Tonga,1964,0,45,1.2
Tonga,1965,-0.5,46,0.9416666666666667
Tonga,1966,-0.3,47,1.045
Tonga,1967,-0.2,48,1.0966666666666667
Tonga,1968,0.1,49,1.2516666666666667
Tonga,1969,-0.2,50,1.0966666666666667
Tonga,1970,0.1,51,1.2516666666666667
Tonga,1971,0.2,52,1.3033333333333332
Tonga,1972,-0.1,53,1.1483333333333332
Tonga,1973,0.4,54,1.4066666666666667
Tonga,1974,0.4,55,1.4066666666666667
Tonga,1975,0.3,56,1.355
Tonga,1976,0,57,1.2
Tonga,1977,-0.4,58,0.9933333333333333
Tonga,1978,-0.3,59,1.045
Tonga,1979,-0.2,60,1.0966666666666667
Tonga,1980,0,61,1.2
Tonga,1981,-0.1,62,1.1483333333333332
Tonga,1982,-0.2,63,1.0966666666666667
Tonga,1983,-0.3,64,1.045
Tonga,1984,0.1,65,1.2516666666666667
Tonga,1985,-0.1,66,1.1483333333333332
Tonga,1986,-0.4,67,0.9933333333333333
Tonga,1987,-0.5,68,0.9416666666666667
Tonga,1988,0.4,69,1.4066666666666667
Tonga,1989,0.1,70,1.2516666666666667
Tonga,1990,0,71,1.2
Tonga,1991,-0.1,72,1.1483333333333332
Tonga,1992,0,73,1.2
Tonga,1993,-0.3,74,1.045
Tonga,1994,-0.3,75,1.045
Tonga,1995,0.2,76,1.3033333333333332
Tonga,1996,0.3,77,1.355
Tonga,1997,-0.2,78,1.0966666666666667
Tonga,1998,0,79,1.2
Tonga,1999,0.4,80,1.4066666666666667
Tonga,2000,0.5,81,1.4583333333333333
Tonga,2001,0.2,82,1.3033333333333332
Tonga,2002,0.3,83,1.355
Tonga,2003,0.3,84,1.355
Tonga,2004,0.4,85,1.4066666666666667
Tonga,2005,0.4,86,1.4066666666666667
Tonga,2006,0.3,87,1.355
Tonga,2007,0.4,88,1.4066666666666667
Tonga,2008,0.6,89,1.51
Tonga,2009,0.3,90,1.355
Tonga,2010,0.6,91,1.51
Tonga,2011,0.8,92,1.6133333333333333
Tonga,2012,0.4,93,1.4066666666666667
Tonga,2013,0.6,94,1.51
Tonga,2014,0.4,95,1.4066666666666667
Tonga,2015,-0.1,96,1.1483333333333332
Tonga,2016,0.4,97,1.4066666666666667
Tonga,2017,0.6,98,1.51
Tonga,2018,0.5,99,1.4583333333333333
Tonga,2019,0.5,100,1.4583333333333333
Tonga,2020,0.7,101,1.5616666666666665
Tuvalu,1920,-0.5,1,0.9416666666666667
Tuvalu,1921,-0.5,2,0.9416666666666667
Tuvalu,1922,-0.4,3,0.9933333333333333
Tuvalu,1923,-0.3,4,1.045
Tuvalu,1924,-0.4,5,0.9933333333333333
Tuvalu,1925,-0.5,6,0.9416666666666667
Tuvalu,1926,-0.3,7,1.045
Tuvalu,1927,-0.6,8,0.8899999999999999
Tuvalu,1928,-0.3,9,1.045
Tuvalu,1929,-0.3,10,1.045
Tuvalu,1930,-0.2,11,1.0966666666666667
Tuvalu,1931,-0.2,12,1.0966666666666667
Tuvalu,1932,-0.3,13,1.045
Tuvalu,1933,-0.7,14,0.8383333333333333
Tuvalu,1934,-0.7,15,0.8383333333333333
Tuvalu,1935,-0.4,16,0.9933333333333333
Tuvalu,1936,-0.4,17,0.9933333333333333
Tuvalu,1937,-0.4,18,0.9933333333333333
Tuvalu,1938,-0.6,19,0.8899999999999999
Tuvalu,1939,-0.5,20,0.9416666666666667
Tuvalu,1940,0.1,21,1.2516666666666667
Tuvalu,1941,0.3,22,1.355
Tuvalu,1942,0,23,1.2
Tuvalu,1943,-0.2,24,1.0966666666666667
Tuvalu,1944,0.1,25,1.2516666666666667
Tuvalu,1945,0,26,1.2
Tuvalu,1946,0.1,27,1.2516666666666667
Tuvalu,1947,0,28,1.2
Tuvalu,1948,-0.4,29,0.9933333333333333
Tuvalu,1949,-0.5,30,0.9416666666666667
Tuvalu,1950,-0.7,31,0.8383333333333333
Tuvalu,1951,-0.2,32,1.0966666666666667
Tuvalu,1952,-0.2,33,1.0966666666666667
Tuvalu,1953,-0.1,34,1.1483333333333332
Tuvalu,1954,-0.4,35,0.9933333333333333
Tuvalu,1955,-0.7,36,0.8383333333333333
Tuvalu,1956,-0.6,37,0.8899999999999999
Tuvalu,1957,-0.4,38,0.9933333333333333
Tuvalu,1958,0,39,1.2
Tuvalu,1959,-0.2,40,1.0966666666666667
Tuvalu,1960,-0.3,41,1.045
Tuvalu,1961,-0.4,42,0.9933333333333333
Tuvalu,1962,-0.4,43,0.9933333333333333
Tuvalu,1963,-0.3,44,1.045
Tuvalu,1964,-0.6,45,0.8899999999999999
Tuvalu,1965,-0.4,46,0.9933333333333333
Tuvalu,1966,0,47,1.2
Tuvalu,1967,-0.4,48,0.9933333333333333
Tuvalu,1968,-0.3,49,1.045
Tuvalu,1969,0.3,50,1.355
Tuvalu,1970,-0.2,51,1.0966666666666667
Tuvalu,1971,-0.6,52,0.8899999999999999
Tuvalu,1972,-0.1,53,1.1483333333333332
Tuvalu,1973,-0.2,54,1.0966666666666667
Tuvalu,1974,-0.6,55,0.8899999999999999
Tuvalu,1975,-0.7,56,0.8383333333333333
Tuvalu,1976,-0.4,57,0.9933333333333333
Tuvalu,1977,0.1,58,1.2516666666666667
Tuvalu,1978,0,59,1.2
Tuvalu,1979,0.1,60,1.2516666666666667
Tuvalu,1980,0.2,61,1.3033333333333332
Tuvalu,1981,-0.1,62,1.1483333333333332
Tuvalu,1982,0.1,63,1.2516666666666667
Tuvalu,1983,-0.2,64,1.0966666666666667
Tuvalu,1984,-0.2,65,1.0966666666666667
Tuvalu,1985,-0.2,66,1.0966666666666667
Tuvalu,1986,0,67,1.2
Tuvalu,1987,0.1,68,1.2516666666666667
Tuvalu,1988,0,69,1.2
Tuvalu,1989,-0.3,70,1.045
Tuvalu,1990,0.3,71,1.355
Tuvalu,1991,0.4,72,1.4066666666666667
Tuvalu,1992,0.2,73,1.3033333333333332
Tuvalu,1993,0.1,74,1.2516666666666667
Tuvalu,1994,0.3,75,1.355
Tuvalu,1995,0.4,76,1.4066666666666667
Tuvalu,1996,0.1,77,1.2516666666666667
Tuvalu,1997,0.2,78,1.3033333333333332
Tuvalu,1998,-0.2,79,1.0966666666666667
Tuvalu,1999,-0.3,80,1.045
Tuvalu,2000,-0.1,81,1.1483333333333332
Tuvalu,2001,0.2,82,1.3033333333333332
Tuvalu,2002,0.5,83,1.4583333333333333
Tuvalu,2003,0.6,84,1.51
Tuvalu,2004,0.6,85,1.51
Tuvalu,2005,0.5,86,1.4583333333333333
Tuvalu,2006,0.4,87,1.4066666666666667
Tuvalu,2007,0.4,88,1.4066666666666667
Tuvalu,2008,-0.2,89,1.0966666666666667
Tuvalu,2009,0.4,90,1.4066666666666667
Tuvalu,2010,0.2,91,1.3033333333333332
Tuvalu,2011,-0.2,92,1.0966666666666667
Tuvalu,2012,0.3,93,1.355
Tuvalu,2013,0.4,94,1.4066666666666667
Tuvalu,2014,0.6,95,1.51
Tuvalu,2015,0.6,96,1.51
Tuvalu,2016,0.7,97,1.5616666666666665
Tuvalu,2017,0.5,98,1.4583333333333333
Tuvalu,2018,0.6,99,1.51
Tuvalu,2019,0.8,100,1.6133333333333333
Tuvalu,2020,0.6,101,1.51
Vanuatu,1920,-0.6,1,0.8899999999999999
Vanuatu,1921,-0.5,2,0.9416666666666667
Vanuatu,1922,-0.3,3,1.045
Vanuatu,1923,-0.5,4,0.9416666666666667
Vanuatu,1924,-0.2,5,1.0966666666666667
Vanuatu,1925,-0.5,6,0.9416666666666667
Vanuatu,1926,-0.6,7,0.8899999999999999
Vanuatu,1927,-0.4,8,0.9933333333333333
Vanuatu,1928,-0.5,9,0.9416666666666667
Vanuatu,1929,-0.6,10,0.8899999999999999
Vanuatu,1930,-0.9,11,0.735
Vanuatu,1931,-0.7,12,0.8383333333333333
Vanuatu,1932,-0.7,13,0.8383333333333333
Vanuatu,1933,-0.4,14,0.9933333333333333
Vanuatu,1934,-0.7,15,0.8383333333333333
Vanuatu,1935,-0.3,16,1.045
Vanuatu,1936,-0.4,17,0.9933333333333333
Vanuatu,1937,-0.4,18,0.9933333333333333
Vanuatu,1938,-0.1,19,1.1483333333333332
Vanuatu,1939,-0.5,20,0.9416666666666667
Vanuatu,1940,-0.8,21,0.7866666666666666
Vanuatu,1941,-0.6,22,0.8899999999999999
Vanuatu,1942,-0.4,23,0.9933333333333333
Vanuatu,1943,0.3,24,1.355
Vanuatu,1944,0.1,25,1.2516666666666667
Vanuatu,1945,0,26,1.2
Vanuatu,1946,-0.4,27,0.9933333333333333
Vanuatu,1947,-0.4,28,0.9933333333333333
Vanuatu,1948,-0.3,29,1.045
Vanuatu,1949,-0.4,30,0.9933333333333333
Vanuatu,1950,-0.1,31,1.1483333333333332
Vanuatu,1951,-0.3,32,1.045
Vanuatu,1952,-0.2,33,1.0966666666666667
Vanuatu,1953,-0.3,34,1.045
Vanuatu,1954,-0.4,35,0.9933333333333333
Vanuatu,1955,-0.2,36,1.0966666666666667
Vanuatu,1956,0.1,37,1.2516666666666667
Vanuatu,1957,-0.4,38,0.9933333333333333
Vanuatu,1958,-0.4,39,0.9933333333333333
Vanuatu,1959,-0.4,40,0.9933333333333333
Vanuatu,1960,-0.2,41,1.0966666666666667
Vanuatu,1961,-0.2,42,1.0966666666666667
Vanuatu,1962,0,43,1.2
Vanuatu,1963,-0.3,44,1.045
Vanuatu,1964,-0.2,45,1.0966666666666667
Vanuatu,1965,-0.8,46,0.7866666666666666
Vanuatu,1966,-0.6,47,0.8899999999999999
Vanuatu,1967,-0.3,48,1.045
Vanuatu,1968,-0.2,49,1.0966666666666667
Vanuatu,1969,-0.3,50,1.045
Vanuatu,1970,0,51,1.2
Vanuatu,1971,0.1,52,1.2516666666666667
Vanuatu,1972,-0.3,53,1.045
Vanuatu,1973,0.1,54,1.2516666666666667
Vanuatu,1974,0.3,55,1.355
Vanuatu,1975,0.2,56,1.3033333333333332
Vanuatu,1976,-0.1,57,1.1483333333333332
Vanuatu,1977,-0.4,58,0.9933333333333333
Vanuatu,1978,-0.3,59,1.045
Vanuatu,1979,-0.1,60,1.1483333333333332
Vanuatu,1980,-0.2,61,1.0966666666666667
Vanuatu,1981,0,62,1.2
Vanuatu,1982,-0.3,63,1.045
Vanuatu,1983,-0.3,64,1.045
Vanuatu,1984,0.1,65,1.2516666666666667
Vanuatu,1985,0,66,1.2
Vanuatu,1986,-0.2,67,1.0966666666666667
Vanuatu,1987,-0.4,68,0.9933333333333333
Vanuatu,1988,0.3,69,1.355
Vanuatu,1989,0.2,70,1.3033333333333332
Vanuatu,1990,0.2,71,1.3033333333333332
Vanuatu,1991,-0.3,72,1.045
Vanuatu,1992,-0.4,73,0.9933333333333333
Vanuatu,1993,-0.6,74,0.8899999999999999
Vanuatu,1994,-0.5,75,0.9416666666666667
Vanuatu,1995,0.1,76,1.2516666666666667
Vanuatu,1996,0.2,77,1.3033333333333332
Vanuatu,1997,-0.2,78,1.0966666666666667
Vanuatu,1998,0.4,79,1.4066666666666667
Vanuatu,1999,0.4,80,1.4066666666666667
Vanuatu,2000,0.3,81,1.355
Vanuatu,2001,0.4,82,1.4066666666666667
Vanuatu,2002,0.2,83,1.3033333333333332
Vanuatu,2003,0.2,84,1.3033333333333332
Vanuatu,2004,0.1,85,1.2516666666666667
Vanuatu,2005,0.3,86,1.355
Vanuatu,2006,0.1,87,1.2516666666666667
Vanuatu,2007,0.4,88,1.4066666666666667
Vanuatu,2008,0.5,89,1.4583333333333333
Vanuatu,2009,0.2,90,1.3033333333333332
Vanuatu,2010,0.4,91,1.4066666666666667
Vanuatu,2011,0.5,92,1.4583333333333333
Vanuatu,2012,0.3,93,1.355
Vanuatu,2013,0.4,94,1.4066666666666667
Vanuatu,2014,0.3,95,1.355
Vanuatu,2015,-0.1,96,1.1483333333333332
Vanuatu,2016,0.6,97,1.51
Vanuatu,2017,0.5,98,1.4583333333333333
Vanuatu,2018,0.4,99,1.4066666666666667
Vanuatu,2019,0.3,100,1.355
Vanuatu,2020,0.5,101,1.4583333333333333
Wallis and Futuna,1920,-0.6,1,0.8899999999999999
Wallis and Futuna,1921,-0.5,2,0.9416666666666667
Wallis and Futuna,1922,-0.2,3,1.0966666666666667
Wallis and Futuna,1923,-0.4,4,0.9933333333333333
Wallis and Futuna,1924,-0.2,5,1.0966666666666667
Wallis and Futuna,1925,-0.3,6,1.045
Wallis and Futuna,1926,-0.4,7,0.9933333333333333
Wallis and Futuna,1927,-0.4,8,0.9933333333333333
Wallis and Futuna,1928,-0.3,9,1.045
Wallis and Futuna,1929,-0.3,10,1.045
Wallis and Futuna,1930,-0.4,11,0.9933333333333333
Wallis and Futuna,1931,-0.4,12,0.9933333333333333
Wallis and Futuna,1932,-0.3,13,1.045
Wallis and Futuna,1933,-0.6,14,0.8899999999999999
Wallis and Futuna,1934,-0.4,15,0.9933333333333333
Wallis and Futuna,1935,-0.4,16,0.9933333333333333
Wallis and Futuna,1936,-0.2,17,1.0966666666666667
Wallis and Futuna,1937,-0.3,18,1.045
Wallis and Futuna,1938,-0.4,19,0.9933333333333333
Wallis and Futuna,1939,-0.5,20,0.9416666666666667
Wallis and Futuna,1940,-0.2,21,1.0966666666666667
Wallis and Futuna,1941,0,22,1.2
Wallis and Futuna,1942,0,23,1.2
Wallis and Futuna,1943,0,24,1.2
Wallis and Futuna,1944,0.1,25,1.2516666666666667
Wallis and Futuna,1945,0,26,1.2
Wallis and Futuna,1946,0.1,27,1.2516666666666667
Wallis and Futuna,1947,0.1,28,1.2516666666666667
Wallis and Futuna,1948,-0.2,29,1.0966666666666667
Wallis and Futuna,1949,-0.3,30,1.045
Wallis and Futuna,1950,-0.3,31,1.045
Wallis and Futuna,1951,-0.1,32,1.1483333333333332
Wallis and Futuna,1952,0,33,1.2
Wallis and Futuna,1953,0,34,1.2
Wallis and Futuna,1954,-0.2,35,1.0966666666666667
Wallis and Futuna,1955,-0.4,36,0.9933333333333333
Wallis and Futuna,1956,-0.3,37,1.045
Wallis and Futuna,1957,-0.2,38,1.0966666666666667
Wallis and Futuna,1958,-0.1,39,1.1483333333333332
Wallis and Futuna,1959,-0.1,40,1.1483333333333332
Wallis and Futuna,1960,-0.1,41,1.1483333333333332
Wallis and Futuna,1961,-0.1,42,1.1483333333333332
Wallis and Futuna,1962,-0.1,43,1.1483333333333332
Wallis and Futuna,1963,-0.1,44,1.1483333333333332
Wallis and Futuna,1964,-0.2,45,1.0966666666666667
Wallis and Futuna,1965,-0.3,46,1.045
Wallis and Futuna,1966,-0.1,47,1.1483333333333332
Wallis and Futuna,1967,-0.3,48,1.045
Wallis and Futuna,1968,-0.1,49,1.1483333333333332
Wallis and Futuna,1969,0.2,50,1.3033333333333332
Wallis and Futuna,1970,0,51,1.2
Wallis and Futuna,1971,-0.2,52,1.0966666666666667
Wallis and Futuna,1972,-0.1,53,1.1483333333333332
Wallis and Futuna,1973,0,54,1.2
Wallis and Futuna,1974,-0.2,55,1.0966666666666667
Wallis and Futuna,1975,-0.3,56,1.045
Wallis and Futuna,1976,-0.3,57,1.045
Wallis and Futuna,1977,-0.1,58,1.1483333333333332
Wallis and Futuna,1978,0,59,1.2
Wallis and Futuna,1979,0,60,1.2
Wallis and Futuna,1980,0.1,61,1.2516666666666667
Wallis and Futuna,1981,-0.1,62,1.1483333333333332
Wallis and Futuna,1982,0,63,1.2
Wallis and Futuna,1983,-0.3,64,1.045
Wallis and Futuna,1984,0,65,1.2
Wallis and Futuna,1985,-0.2,66,1.0966666666666667
Wallis and Futuna,1986,-0.1,67,1.1483333333333332
Wallis and Futuna,1987,-0.1,68,1.1483333333333332
Wallis and Futuna,1988,0,69,1.2
Wallis and Futuna,1989,-0.1,70,1.1483333333333332
Wallis and Futuna,1990,0.1,71,1.2516666666666667
Wallis and Futuna,1991,0.3,72,1.355
Wallis and Futuna,1992,0.1,73,1.2516666666666667
Wallis and Futuna,1993,0,74,1.2
Wallis and Futuna,1994,0.2,75,1.3033333333333332
Wallis and Futuna,1995,0.3,76,1.355
Wallis and Futuna,1996,0.1,77,1.2516666666666667
Wallis and Futuna,1997,-0.1,78,1.1483333333333332
Wallis and Futuna,1998,-0.2,79,1.0966666666666667
Wallis and Futuna,1999,0.1,80,1.2516666666666667
Wallis and Futuna,2000,0.3,81,1.355
Wallis and Futuna,2001,0.3,82,1.355
Wallis and Futuna,2002,0.4,83,1.4066666666666667
Wallis and Futuna,2003,0.5,84,1.4583333333333333
Wallis and Futuna,2004,0.5,85,1.4583333333333333
Wallis and Futuna,2005,0.5,86,1.4583333333333333
Wallis and Futuna,2006,0.4,87,1.4066666666666667
Wallis and Futuna,2007,0.5,88,1.4583333333333333
Wallis and Futuna,2008,0.2,89,1.3033333333333332
Wallis and Futuna,2009,0.4,90,1.4066666666666667
Wallis and Futuna,2010,0.4,91,1.4066666666666667
Wallis and Futuna,2011,0.2,92,1.3033333333333332
Wallis and Futuna,2012,0.4,93,1.4066666666666667
Wallis and Futuna,2013,0.5,94,1.4583333333333333
Wallis and Futuna,2014,0.6,95,1.51
Wallis and Futuna,2015,0.4,96,1.4066666666666667
Wallis and Futuna,2016,0.6,97,1.51
Wallis and Futuna,2017,0.6,98,1.51
Wallis and Futuna,2018,0.5,99,1.4583333333333333
Wallis and Futuna,2019,0.7,100,1.5616666666666665
Wallis and Futuna,2020,0.6,101,1.51
